{"stats":{"minecraft:mined":{"minecraft:torch":2,"minecraft:grass_block":7,"minecraft:tall_grass":4,"minecraft:spruce_leaves":6,"minecraft:wall_torch":1,"minecraft:hay_block":12,"minecraft:sweet_berry_bush":4,"minecraft:spruce_log":9,"minecraft:black_bed":3,"minecraft:grass":3,"minecraft:coal_ore":21,"minecraft:dirt":3,"minecraft:sand":2,"minecraft:stripped_oak_log":1,"minecraft:stone":29},"minecraft:dropped":{"minecraft:bread":7,"minecraft:baked_potato":3,"minecraft:rotten_flesh":8,"minecraft:clay_ball":1,"minecraft:emerald":3,"minecraft:redstone_lamp":6,"minecraft:dirt":3,"minecraft:potato":1,"minecraft:gray_wool":1,"minecraft:spruce_planks":3,"minecraft:mutton":7,"farmersdelight:rope":8,"minecraft:white_banner":1,"minecraft:wooden_pickaxe":1,"minecraft:beef":3,"minecraft:white_wool":3,"minecraft:redstone":24},"minecraft:custom":{"minecraft:interact_with_smithing_table":1,"minecraft:interact_with_furnace":3,"minecraft:mob_kills":19,"minecraft:interact_with_crafting_table":9,"minecraft:open_barrel":2,"minecraft:bell_ring":10,"minecraft:leave_game":4,"minecraft:time_since_death":19238,"minecraft:sleep_in_bed":5,"minecraft:climb_one_cm":12464,"minecraft:time_since_rest":10400,"minecraft:waystone_activated":2,"minecraft:sprint_one_cm":197769,"minecraft:damage_taken":1032,"minecraft:walk_one_cm":141773,"minecraft:drop":36,"minecraft:damage_dealt":2750,"minecraft:swim_one_cm":29173,"minecraft:fly_one_cm":249347,"minecraft:raid_win":1,"minecraft:open_chest":37,"minecraft:crouch_one_cm":37,"minecraft:play_time":65772,"minecraft:deaths":1,"minecraft:sneak_time":46,"minecraft:walk_under_water_one_cm":2726,"minecraft:boat_one_cm":128900,"minecraft:jump":1102,"minecraft:walk_on_water_one_cm":5385,"minecraft:total_world_time":65772,"minecraft:fall_one_cm":31571},"minecraft:picked_up":{"minecraft:stripped_oak_log":1,"minecraft:black_bed":3,"minecraft:leather":1,"minecraft:potato":1,"minecraft:dirt":3,"minecraft:white_banner":1,"minecraft:bone":1,"minecraft:iron_ingot":29,"minecraft:beef":3,"minecraft:glowstone_dust":2,"minecraft:egg":1,"minecraft:furnace":1,"minecraft:sweet_berries":11,"mcdar:enchanted_grass":1,"minecraft:torch":3,"minecraft:spruce_log":9,"minecraft:rotten_flesh":8,"minecraft:chainmail_leggings":1,"minecraft:hay_block":12,"minecraft:gray_wool":1,"minecraft:bread":1,"minecraft:emerald":1,"minecraft:baked_potato":12,"minecraft:mutton":7,"minecraft:coal":21,"minecraft:white_wool":3,"minecraft:cobblestone":28},"minecraft:killed":{"minecraft:vex":2,"minecraft:witch":3,"minecraft:vindicator":2,"minecraft:ravager":1,"minecraft:sheep":4,"minecraft:pillager":2,"minecraft:zombie":3,"minecraft:cow":1},"minecraft:used":{"minecraft:stone_sword":75,"minecraft:stone_pickaxe":45,"minecraft:baked_potato":10,"minecraft:wooden_pickaxe":6,"minecraft:iron_chestplate":1,"minecraft:torch":3,"minecraft:crafting_table":3,"minecraft:black_bed":2,"minecraft:spruce_boat":1,"minecraft:bread":11,"minecraft:iron_helmet":1,"minecraft:iron_boots":1,"minecraft:sweet_berries":11,"minecraft:iron_leggings":1},"minecraft:killed_by":{"minecraft:vindicator":1},"minecraft:crafted":{"minecraft:oak_planks":4,"minecraft:crafting_table":3,"minecraft:spruce_planks":36,"minecraft:wooden_pickaxe":1,"minecraft:baked_potato":1,"minecraft:iron_helmet":1,"minecraft:stone_axe":1,"minecraft:bread":21,"minecraft:iron_boots":1,"minecraft:iron_chestplate":1,"minecraft:stick":12,"minecraft:stone_pickaxe":1,"minecraft:stone_sword":1,"minecraft:spruce_boat":1,"minecraft:torch":16,"minecraft:wheat":63}},"DataVersion":3465}