{"stats":{"minecraft:picked_up":{"minecraft:stripped_oak_log":1,"minecraft:black_bed":4,"minecraft:leather":1,"minecraft:potato":1,"minecraft:string":8,"minecraft:dirt":4,"minecraft:white_banner":1,"minecraft:bone":1,"minecraft:iron_ingot":29,"minecraft:beef":3,"minecraft:glowstone_dust":2,"minecraft:egg":1,"minecraft:furnace":1,"minecraft:sweet_berries":11,"mcdar:enchanted_grass":2,"minecraft:torch":3,"minecraft:spruce_log":9,"minecraft:rotten_flesh":8,"minecraft:chainmail_leggings":1,"minecraft:hay_block":28,"minecraft:gray_wool":1,"minecraft:bread":1,"minecraft:emerald":1,"minecraft:baked_potato":12,"minecraft:mutton":7,"minecraft:coal":21,"minecraft:white_wool":3,"minecraft:cobblestone":31},"minecraft:killed":{"minecraft:vex":2,"minecraft:witch":3,"minecraft:vindicator":2,"minecraft:ravager":1,"minecraft:sheep":4,"minecraft:pillager":2,"minecraft:zombie":3,"minecraft:cow":1},"minecraft:dropped":{"minecraft:bread":18,"minecraft:baked_potato":3,"minecraft:cobblestone":3,"minecraft:rotten_flesh":8,"minecraft:clay_ball":1,"minecraft:emerald":3,"minecraft:redstone_lamp":6,"minecraft:dirt":3,"minecraft:potato":1,"minecraft:gray_wool":1,"minecraft:spruce_planks":3,"minecraft:mutton":7,"farmersdelight:rope":8,"minecraft:white_banner":1,"minecraft:wooden_pickaxe":1,"minecraft:beef":3,"minecraft:string":8,"minecraft:white_wool":3,"minecraft:redstone":24},"minecraft:killed_by":{"minecraft:vindicator":1},"minecraft:used":{"minecraft:stone_sword":84,"minecraft:stone_pickaxe":49,"minecraft:baked_potato":10,"minecraft:wooden_pickaxe":6,"minecraft:iron_chestplate":1,"minecraft:torch":3,"minecraft:dirt":1,"minecraft:crafting_table":3,"minecraft:black_bed":3,"minecraft:spruce_boat":1,"minecraft:bread":16,"minecraft:iron_helmet":1,"minecraft:iron_boots":1,"minecraft:sweet_berries":11,"minecraft:egg":1,"minecraft:iron_leggings":1},"minecraft:mined":{"minecraft:torch":2,"minecraft:grass_block":8,"minecraft:tall_grass":5,"minecraft:spruce_leaves":6,"minecraft:wall_torch":1,"minecraft:hay_block":28,"minecraft:sweet_berry_bush":4,"minecraft:spruce_log":9,"minecraft:black_bed":4,"minecraft:grass":3,"minecraft:coal_ore":21,"minecraft:dirt":3,"minecraft:sand":2,"minecraft:stripped_oak_log":1,"minecraft:cobweb":9,"minecraft:stone":33},"minecraft:custom":{"minecraft:interact_with_smithing_table":1,"minecraft:interact_with_furnace":3,"minecraft:mob_kills":19,"minecraft:interact_with_crafting_table":10,"minecraft:open_barrel":2,"minecraft:bell_ring":11,"minecraft:leave_game":4,"minecraft:time_since_death":34263,"minecraft:sleep_in_bed":6,"minecraft:climb_one_cm":13251,"minecraft:time_since_rest":6413,"minecraft:waystone_activated":4,"minecraft:sprint_one_cm":280455,"minecraft:damage_taken":1102,"minecraft:walk_one_cm":161053,"minecraft:drop":58,"minecraft:damage_dealt":2750,"minecraft:swim_one_cm":45943,"minecraft:fly_one_cm":428922,"minecraft:raid_win":1,"minecraft:open_chest":41,"minecraft:crouch_one_cm":37,"minecraft:play_time":80797,"minecraft:deaths":1,"minecraft:sneak_time":59,"minecraft:walk_under_water_one_cm":4403,"minecraft:boat_one_cm":128900,"minecraft:jump":1781,"minecraft:walk_on_water_one_cm":8019,"minecraft:interact_with_smoker":2,"minecraft:total_world_time":80797,"minecraft:fall_one_cm":51244},"minecraft:crafted":{"minecraft:oak_planks":4,"minecraft:crafting_table":3,"minecraft:spruce_planks":36,"minecraft:wooden_pickaxe":1,"minecraft:baked_potato":1,"minecraft:iron_helmet":1,"minecraft:stone_axe":1,"minecraft:bread":21,"minecraft:iron_boots":1,"minecraft:iron_chestplate":1,"minecraft:stick":12,"minecraft:stone_pickaxe":1,"minecraft:stone_sword":1,"minecraft:spruce_boat":1,"minecraft:torch":16,"minecraft:wheat":63}},"DataVersion":3465}