{"stats":{"minecraft:used":{"minecraft:moss_block":3,"minecraft:stone_sword":14,"minecraft:iron_bars":1,"minecraft:rose_bush":1,"minecraft:stone_shovel":75,"minecraft:ladder":4,"forgottengraves:grave":3,"minecraft:chest":6,"minecraft:iron_sword":41,"minecraft:wooden_shovel":21,"minecraft:iron_chestplate":1,"minecraft:torch":33,"minecraft:dirt":70,"minecraft:big_dripleaf":1,"minecraft:dark_oak_planks":59,"minecraft:wooden_axe":2,"minecraft:iron_axe":249,"minecraft:iron_helmet":2,"minecraft:dark_oak_slab":34,"minecraft:iron_boots":1,"farmersdelight:bacon_sandwich":1,"minecraft:barrel":7,"minecraft:furnace":2,"farmersdelight:cooked_mutton_chops":2,"minecraft:egg":2,"minecraft:cooked_beef":1,"minecraft:cobbled_deepslate":1,"minecraft:iron_leggings":2,"minecraft:dark_oak_sapling":42,"minecraft:dark_oak_stairs":4,"minecraft:stone_pickaxe":108,"minecraft:baked_potato":7,"minecraft:wooden_pickaxe":26,"minecraft:cherry_planks":8,"minecraft:composter":1,"minecraft:clay":5,"minecraft:dark_oak_trapdoor":6,"minecraft:glow_berries":30,"minecraft:stripped_dark_oak_log":2,"minecraft:crafting_table":9,"minecraft:magenta_bed":3,"minecraft:white_bed":5,"minecraft:dark_oak_door":8,"minecraft:apple":14,"minecraft:dark_oak_log":29,"minecraft:bread":24,"minecraft:iron_pickaxe":255,"minecraft:stone_axe":10,"minecraft:pink_petals":2,"minecraft:cobblestone":91,"minecraft:cherry_stairs":4,"minecraft:cooked_porkchop":4,"minecraft:bone_meal":43},"minecraft:crafted":{"minecraft:cherry_planks":64,"minecraft:oak_planks":12,"minecraft:barrel":19,"minecraft:stone_shovel":1,"forgottengraves:grave":3,"minecraft:furnace":1,"minecraft:dark_oak_trapdoor":12,"minecraft:bone_meal":45,"minecraft:dark_oak_door":3,"minecraft:iron_boots":1,"minecraft:iron_axe":1,"minecraft:ladder":18,"minecraft:cherry_stairs":4,"minecraft:stone_pickaxe":3,"minecraft:chest":6,"minecraft:dark_oak_planks":376,"minecraft:magenta_dye":2,"minecraft:cooked_beef":4,"minecraft:magenta_bed":1,"minecraft:wooden_shovel":1,"minecraft:dark_oak_stairs":16,"minecraft:crafting_table":4,"minecraft:iron_helmet":1,"minecraft:wooden_pickaxe":2,"minecraft:baked_potato":10,"minecraft:iron_sword":1,"minecraft:stone_axe":1,"minecraft:bread":3,"minecraft:air":0,"minecraft:dark_oak_slab":108,"minecraft:stick":72,"minecraft:iron_ingot":28,"minecraft:iron_pickaxe":1,"minecraft:wooden_axe":1,"minecraft:stone_sword":1,"minecraft:iron_leggings":1,"minecraft:white_bed":3,"minecraft:composter":1,"minecraft:torch":96,"minecraft:clay":5},"minecraft:dropped":{"minecraft:enchanted_book":4,"minecraft:clay":1,"minecraft:moss_block":10,"minecraft:wheat_seeds":7,"minecraft:cooked_beef":3,"minecraft:lapis_lazuli":40,"minecraft:cherry_log":26,"minecraft:baked_potato":3,"minecraft:diamond":26,"minecraft:golden_horse_armor":2,"minecraft:crafting_table":1,"farmersdelight:cooked_bacon":1,"minecraft:iron_helmet":1,"minecraft:cobblestone":32,"minecraft:glow_berries":1,"minecraft:saddle":1,"minecraft:emerald":1,"minecraft:stick":3,"minecraft:dirt":31,"minecraft:dark_oak_log":146,"minecraft:torch":7,"minecraft:mutton":2,"minecraft:wooden_axe":1,"minecraft:cherry_planks":3,"minecraft:bone_meal":2,"minecraft:jungle_sapling":4,"minecraft:amethyst_shard":8,"mcdar:boots_of_swiftness":1,"minecraft:axolotl_bucket":1,"minecraft:dark_oak_planks":6,"minecraft:pink_petals":4,"minecraft:string":3,"minecraft:pink_tulip":4,"minecraft:gold_ingot":34,"minecraft:bone":19,"minecraft:cherry_stairs":4,"minecraft:cobbled_deepslate":96,"minecraft:raw_copper":47,"minecraft:wheat":2,"minecraft:soul_lantern":1,"minecraft:cherry_sapling":19,"minecraft:rotten_flesh":27,"minecraft:clay_ball":64,"minecraft:iron_boots":1,"minecraft:carrot":1,"minecraft:big_dripleaf":10,"minecraft:gunpowder":2,"minecraft:allium":6,"minecraft:diamond_pickaxe":1,"mcdar:light_feather":1,"minecraft:wooden_shovel":1,"minecraft:spider_eye":1,"minecraft:magenta_dye":1,"minecraft:wooden_pickaxe":1,"minecraft:arrow":14,"minecraft:bow":4,"minecraft:stone_pickaxe":3,"minecraft:beef":2,"minecraft:bell":1,"minecraft:cyan_bed":1,"minecraft:egg":2},"minecraft:mined":{"minecraft:dark_oak_planks":1,"minecraft:white_bed":3,"minecraft:dark_oak_leaves":184,"minecraft:deepslate_diamond_ore":8,"minecraft:cherry_log":21,"minecraft:jungle_leaves":11,"minecraft:dark_oak_log":185,"minecraft:ladder":1,"minecraft:cave_vines_plant":9,"minecraft:allium":3,"minecraft:grass_block":54,"minecraft:moss_block":3,"minecraft:spore_blossom":1,"minecraft:redstone_ore":4,"minecraft:furnace":1,"minecraft:dark_oak_trapdoor":1,"minecraft:iron_ore":61,"minecraft:barrel":1,"minecraft:big_dripleaf_stem":1,"minecraft:vine":3,"minecraft:cave_vines":6,"minecraft:flowering_azalea_leaves":1,"minecraft:dirt_path":5,"minecraft:iron_bars":2,"minecraft:white_tulip":1,"minecraft:stone":125,"minecraft:podzol":4,"minecraft:clay":14,"minecraft:crafting_table":7,"minecraft:torch":2,"minecraft:rose_bush":1,"minecraft:mushroom_stem":4,"minecraft:cobblestone":9,"minecraft:lapis_ore":4,"minecraft:wall_torch":9,"minecraft:big_dripleaf":2,"minecraft:dark_oak_slab":3,"minecraft:dark_oak_door":5,"minecraft:magenta_bed":2,"minecraft:grass":28,"minecraft:oak_log":3,"minecraft:coal_ore":69,"minecraft:dark_oak_sapling":6,"minecraft:cherry_leaves":111,"minecraft:dirt":33,"minecraft:small_dripleaf":2,"minecraft:deepslate":96,"minecraft:fern":10},"minecraft:killed":{"minecraft:spider":4,"minecraft:skeleton":6,"minecraft:piglin_brute":1,"minecraft:zombie":4,"minecraft:enderman":1},"minecraft:custom":{"minecraft:interact_with_smithing_table":1,"minecraft:mob_kills":18,"minecraft:interact_with_crafting_table":46,"minecraft:open_barrel":19,"minecraft:leave_game":8,"minecraft:time_since_death":57778,"minecraft:climb_one_cm":29229,"minecraft:sprint_one_cm":527876,"minecraft:walk_one_cm":620132,"minecraft:drop":133,"minecraft:talked_to_villager":1,"minecraft:play_time":200958,"minecraft:sneak_time":3921,"minecraft:deaths":4,"minecraft:walk_under_water_one_cm":15901,"minecraft:jump":3275,"minecraft:interact_with_brewingstand":1,"minecraft:walk_on_water_one_cm":33134,"minecraft:total_world_time":200958,"minecraft:interact_with_furnace":50,"minecraft:interact_with_loom":1,"minecraft:sleep_in_bed":9,"minecraft:time_since_rest":10330,"minecraft:damage_taken":3383,"minecraft:trigger_trapped_chest":11,"minecraft:damage_dealt":3944,"minecraft:swim_one_cm":28862,"minecraft:fly_one_cm":548869,"minecraft:open_chest":108,"minecraft:crouch_one_cm":7329,"minecraft:interact_with_smoker":9,"minecraft:fall_one_cm":79160},"minecraft:killed_by":{"minecraft:piglin_brute":1,"minecraft:creeper":1,"minecraft:skeleton":2},"minecraft:picked_up":{"minecraft:crafting_table":8,"minecraft:iron_chestplate":2,"minecraft:allium":11,"minecraft:ladder":1,"minecraft:clay_ball":84,"minecraft:enchanted_book":6,"minecraft:dark_oak_trapdoor":1,"minecraft:string":9,"minecraft:raw_copper":47,"minecraft:iron_axe":1,"minecraft:iron_leggings":1,"minecraft:cobbled_deepslate":97,"minecraft:spruce_planks":5,"minecraft:beef":2,"minecraft:rose_bush":1,"minecraft:jungle_sapling":4,"minecraft:spruce_slab":1,"minecraft:iron_pickaxe":2,"minecraft:dark_oak_door":5,"minecraft:furnace":1,"minecraft:iron_boots":2,"minecraft:egg":4,"minecraft:dark_oak_sapling":35,"minecraft:stick":21,"minecraft:raw_iron":75,"minecraft:cherry_stairs":4,"minecraft:big_dripleaf":11,"minecraft:torch":16,"minecraft:cherry_log":42,"minecraft:carrot":1,"minecraft:redstone":18,"minecraft:dark_oak_planks":40,"minecraft:rotten_flesh":31,"minecraft:arrow":20,"minecraft:tropical_fish":3,"minecraft:pink_tulip":5,"minecraft:saddle":1,"minecraft:gold_ingot":34,"minecraft:glow_berries":31,"minecraft:mutton":2,"minecraft:iron_bars":1,"minecraft:white_wool":6,"minecraft:cobblestone":206,"minecraft:pink_petals":6,"mcdar:light_feather":1,"minecraft:potato":22,"minecraft:oak_log":3,"farmersdelight:cooked_bacon":1,"minecraft:magenta_bed":2,"minecraft:gunpowder":2,"minecraft:lapis_lazuli":67,"minecraft:dirt":104,"mcdar:boots_of_swiftness":1,"minecraft:bone":7,"minecraft:apple":5,"minecraft:bow":4,"minecraft:wheat_seeds":10,"minecraft:bell":1,"minecraft:spruce_wood":1,"minecraft:stone_pickaxe":2,"minecraft:moss_block":13,"minecraft:dark_oak_stairs":1,"minecraft:dark_oak_slab":3,"minecraft:cooked_porkchop":4,"minecraft:axolotl_bucket":1,"minecraft:amethyst_shard":8,"minecraft:white_bed":4,"minecraft:cyan_bed":1,"minecraft:spider_eye":1,"farmersdelight:cooked_mutton_chops":2,"minecraft:barrel":1,"minecraft:dark_oak_log":286,"minecraft:clay":1,"minecraft:diamond":34,"minecraft:soul_lantern":1,"minecraft:iron_helmet":2,"minecraft:cherry_sapling":19,"minecraft:golden_horse_armor":2,"minecraft:oak_sapling":1,"minecraft:stripped_dark_oak_log":2,"minecraft:coal":130,"minecraft:diamond_pickaxe":1}},"DataVersion":3465}