{"stats":{"minecraft:killed_by":{"minecraft:vindicator":4,"minecraft:witch":1,"mythicmounts:dragon":4},"minecraft:broken":{"minecraft:golden_sword":1,"minecraft:iron_axe":1,"minecraft:iron_pickaxe":1},"minecraft:mined":{"minecraft:white_bed":6,"minecraft:mossy_cobblestone":4,"minecraft:cherry_log":62,"minecraft:grass_block":18,"minecraft:spruce_leaves":6,"minecraft:moss_block":1,"minecraft:spawner":3,"minecraft:hay_block":12,"minecraft:black_stained_glass_pane":1,"minecraft:furnace":2,"minecraft:iron_ore":29,"minecraft:anvil":1,"minecraft:bell":2,"minecraft:bookshelf":20,"minecraft:potatoes":14,"minecraft:iron_bars":1,"minecraft:stone":247,"minecraft:spruce_slab":1,"minecraft:smoker":1,"minecraft:cornflower":1,"minecraft:crafting_table":5,"minecraft:clay":64,"minecraft:torch":2,"minecraft:tall_grass":1,"minecraft:copper_ore":3,"minecraft:cobblestone":3,"minecraft:lapis_ore":5,"minecraft:oak_planks":1,"minecraft:wall_torch":4,"minecraft:big_dripleaf":1,"minecraft:coarse_dirt":5,"minecraft:sweet_berry_bush":16,"minecraft:wheat":1,"minecraft:spruce_log":22,"minecraft:stone_brick_stairs":1,"minecraft:grass":5,"minecraft:coal_ore":39,"minecraft:cherry_leaves":39,"minecraft:dirt":28,"minecraft:deepslate":145,"minecraft:fern":7},"minecraft:killed":{"minecraft:vindicator":2,"minecraft:spider":1,"minecraft:slime":1,"minecraft:skeleton":7,"minecraft:magma_cube":3,"minecraft:zombie_villager":1,"minecraft:pillager":8,"minecraft:zombie":13,"minecraft:enderman":2},"minecraft:dropped":{"minecraft:iron_ingot":29,"mythicmounts:summoning_staff":1,"minecraft:cherry_log":3,"minecraft:baked_potato":12,"minecraft:cobblestone":1,"minecraft:cornflower":1,"minecraft:white_banner":2,"minecraft:string":2,"minecraft:furnace":1,"minecraft:sweet_berries":29,"minecraft:coarse_dirt":1,"minecraft:chiseled_quartz_block":1,"minecraft:rotten_flesh":7,"minecraft:white_bed":1,"minecraft:big_dripleaf":7,"farmersdelight:rope":9,"minecraft:arrow":6},"minecraft:crafted":{"minecraft:stone_shovel":1,"minecraft:furnace":1,"minecraft:bone_meal":42,"minecraft:glass":4,"minecraft:iron_axe":2,"minecraft:stone_pickaxe":1,"minecraft:chest":2,"minecraft:wheat":91,"minecraft:smoker":1,"minecraft:crafting_table":2,"minecraft:spruce_planks":68,"minecraft:baked_potato":31,"minecraft:bread":36,"minecraft:air":0,"minecraft:diamond_pickaxe":1,"minecraft:iron_chestplate":1,"minecraft:shield":1,"minecraft:stick":16,"minecraft:iron_ingot":41,"minecraft:iron_pickaxe":2,"minecraft:torch":24},"minecraft:picked_up":{"minecraft:coarse_dirt":5,"minecraft:crafting_table":5,"minecraft:wheat":18,"minecraft:anvil":1,"minecraft:clay_ball":303,"minecraft:redstone_lamp":6,"minecraft:stone_brick_stairs":1,"minecraft:cornflower":1,"minecraft:string":2,"minecraft:moss_carpet":1,"minecraft:raw_copper":8,"minecraft:iron_leggings":1,"minecraft:cobbled_deepslate":145,"minecraft:comparator":23,"minecraft:spruce_planks":4,"minecraft:azalea":1,"minecraft:spruce_slab":1,"minecraft:furnace":2,"minecraft:iron_boots":1,"minecraft:raw_iron":29,"minecraft:stick":9,"mythicmounts:summoning_staff":2,"minecraft:big_dripleaf":11,"minecraft:torch":8,"minecraft:cherry_log":61,"minecraft:arrow":6,"minecraft:rotten_flesh":11,"minecraft:hay_block":11,"minecraft:saddle":1,"minecraft:iron_bars":1,"minecraft:cobblestone":319,"minecraft:white_wool":1,"minecraft:cooked_beef":4,"minecraft:jungle_fence":1,"minecraft:chiseled_quartz_block":1,"minecraft:smoker":1,"minecraft:potato":50,"minecraft:lapis_lazuli":39,"minecraft:dirt":46,"minecraft:white_banner":4,"minecraft:cooked_mutton":5,"minecraft:bone":5,"minecraft:apple":1,"minecraft:wheat_seeds":4,"minecraft:bell":2,"minecraft:iron_ingot":6,"minecraft:moss_block":1,"minecraft:oak_planks":1,"minecraft:book":60,"minecraft:cooked_porkchop":8,"minecraft:sweet_berries":48,"minecraft:gravel":1,"minecraft:sand":1,"minecraft:spruce_sapling":6,"minecraft:spruce_log":22,"minecraft:white_bed":8,"minecraft:mossy_cobblestone":3,"minecraft:light_gray_concrete":1,"minecraft:stone_axe":1,"minecraft:iron_helmet":1,"minecraft:cherry_sapling":9,"minecraft:emerald":1,"minecraft:golden_horse_armor":1,"minecraft:bread":3,"minecraft:coal":39,"minecraft:ender_pearl":1},"minecraft:custom":{"minecraft:mob_kills":39,"minecraft:interact_with_crafting_table":24,"minecraft:leave_game":6,"minecraft:time_since_death":5276,"minecraft:climb_one_cm":21819,"minecraft:sprint_one_cm":264701,"minecraft:walk_one_cm":386640,"minecraft:damage_blocked_by_shield":2320,"minecraft:drop":54,"minecraft:raid_win":1,"minecraft:play_time":148292,"minecraft:deaths":9,"minecraft:sneak_time":2124,"minecraft:walk_under_water_one_cm":11526,"minecraft:boat_one_cm":1605,"minecraft:jump":2019,"minecraft:walk_on_water_one_cm":13758,"minecraft:total_world_time":148292,"minecraft:interact_with_furnace":52,"minecraft:sleep_in_bed":7,"minecraft:time_since_rest":5305,"minecraft:waystone_activated":4,"minecraft:damage_taken":4666,"minecraft:damage_dealt":8218,"minecraft:swim_one_cm":24540,"minecraft:fly_one_cm":334730,"minecraft:open_chest":44,"minecraft:crouch_one_cm":3664,"minecraft:interact_with_smoker":5,"minecraft:fall_one_cm":41350,"minecraft:inspect_dispenser":1,"minecraft:horse_one_cm":810497},"minecraft:used":{"minecraft:moss_block":1,"minecraft:spruce_slab":1,"minecraft:stone_shovel":20,"minecraft:chest":2,"minecraft:shield":44,"minecraft:iron_chestplate":1,"minecraft:torch":7,"minecraft:dirt":38,"minecraft:iron_axe":207,"minecraft:iron_helmet":1,"minecraft:iron_boots":1,"minecraft:golden_sword":35,"minecraft:sweet_berries":19,"minecraft:furnace":1,"minecraft:cooked_beef":4,"minecraft:potato":18,"minecraft:cherry_log":22,"minecraft:iron_leggings":1,"minecraft:cooked_mutton":5,"minecraft:jungle_fence":1,"minecraft:baked_potato":13,"minecraft:oak_planks":1,"minecraft:mossy_cobblestone":3,"minecraft:sand":1,"minecraft:crafting_table":7,"minecraft:white_bed":6,"minecraft:smoker":1,"minecraft:spruce_log":1,"minecraft:apple":1,"minecraft:light_gray_concrete":1,"minecraft:bread":3,"minecraft:iron_pickaxe":486,"minecraft:spruce_sapling":1,"minecraft:gravel":1,"minecraft:stone_axe":57,"minecraft:cobblestone":52,"minecraft:cooked_porkchop":8,"minecraft:coarse_dirt":4,"minecraft:bone_meal":42}},"DataVersion":3465}