{"stats":{"minecraft:killed_by":{"minecraft:vindicator":6,"minecraft:witch":1,"mythicmounts:dragon":4},"minecraft:picked_up":{"minecraft:crafting_table":6,"minecraft:coarse_dirt":5,"minecraft:wheat":18,"minecraft:clay_ball":303,"artifacts:night_vision_goggles":1,"minecraft:chicken":6,"minecraft:anvil":1,"minecraft:redstone_lamp":6,"minecraft:stone_brick_stairs":1,"minecraft:crimson_planks":6,"minecraft:cornflower":1,"minecraft:string":7,"minecraft:moss_carpet":1,"minecraft:raw_copper":8,"minecraft:iron_leggings":1,"minecraft:purple_banner":1,"minecraft:cobbled_deepslate":145,"minecraft:comparator":23,"minecraft:spruce_planks":14,"minecraft:azalea":1,"minecraft:spruce_slab":7,"minecraft:furnace":3,"minecraft:iron_boots":1,"minecraft:stick":9,"minecraft:raw_iron":29,"mythicmounts:summoning_staff":2,"minecraft:big_dripleaf":11,"minecraft:torch":9,"minecraft:cherry_log":61,"minecraft:purple_terracotta":3,"minecraft:arrow":8,"minecraft:rotten_flesh":13,"minecraft:hay_block":11,"minecraft:saddle":1,"minecraft:iron_bars":1,"minecraft:white_wool":1,"minecraft:cobblestone":319,"minecraft:cooked_beef":4,"minecraft:salmon":1,"minecraft:brown_wool":3,"minecraft:jungle_fence":1,"minecraft:chiseled_quartz_block":1,"minecraft:smoker":1,"minecraft:potato":50,"minecraft:lapis_lazuli":39,"minecraft:dirt":46,"minecraft:white_banner":4,"minecraft:cooked_mutton":5,"minecraft:bone":7,"minecraft:apple":1,"minecraft:wheat_seeds":4,"minecraft:bell":2,"minecraft:iron_ingot":6,"minecraft:moss_block":1,"minecraft:oak_planks":1,"minecraft:book":60,"minecraft:cooked_porkchop":8,"minecraft:sweet_berries":48,"minecraft:dandelion":1,"minecraft:gravel":1,"minecraft:sand":13,"minecraft:jungle_planks":3,"minecraft:spruce_sapling":6,"minecraft:blast_furnace":1,"minecraft:white_bed":11,"minecraft:spruce_log":22,"minecraft:mossy_cobblestone":3,"minecraft:light_gray_concrete":1,"minecraft:stone_axe":1,"minecraft:iron_helmet":1,"minecraft:cherry_sapling":9,"minecraft:emerald":4,"minecraft:golden_horse_armor":1,"minecraft:bread":3,"minecraft:coal":39,"minecraft:ender_pearl":1},"minecraft:killed":{"minecraft:spider":2,"minecraft:vindicator":3,"minecraft:slime":1,"minecraft:skeleton":8,"minecraft:drowned":1,"minecraft:magma_cube":3,"minecraft:zombie_villager":1,"minecraft:pillager":9,"minecraft:zombie":15,"minecraft:enderman":2},"minecraft:crafted":{"minecraft:stone_shovel":1,"comforts:sleeping_bag_white":1,"comforts:sleeping_bag_brown":1,"minecraft:furnace":1,"minecraft:bone_meal":42,"minecraft:glass":28,"minecraft:bow":1,"minecraft:iron_axe":2,"minecraft:stone_pickaxe":1,"minecraft:chest":4,"minecraft:smoker":1,"minecraft:wheat":91,"minecraft:crafting_table":4,"minecraft:spruce_planks":68,"travelersbackpack:standard":2,"minecraft:baked_potato":31,"travelersbackpack:backpack_tank":4,"minecraft:bread":36,"minecraft:air":0,"minecraft:iron_chestplate":1,"minecraft:diamond_pickaxe":1,"minecraft:shield":1,"minecraft:stick":16,"minecraft:iron_ingot":41,"minecraft:iron_pickaxe":2,"minecraft:gold_ingot":18,"minecraft:torch":24,"minecraft:shears":1},"minecraft:mined":{"minecraft:spruce_planks":11,"minecraft:white_bed":9,"minecraft:mossy_cobblestone":4,"minecraft:cherry_log":62,"minecraft:purple_terracotta":4,"minecraft:grass_block":18,"minecraft:jungle_planks":6,"minecraft:spruce_leaves":6,"minecraft:moss_block":1,"minecraft:spawner":4,"minecraft:hay_block":12,"minecraft:black_stained_glass_pane":1,"minecraft:furnace":3,"minecraft:iron_ore":29,"minecraft:anvil":1,"minecraft:bell":2,"minecraft:bookshelf":20,"minecraft:potatoes":14,"minecraft:iron_bars":1,"minecraft:stone":247,"minecraft:spruce_slab":6,"minecraft:smoker":1,"minecraft:dandelion":1,"minecraft:clay":64,"minecraft:crafting_table":6,"minecraft:cornflower":1,"minecraft:torch":3,"minecraft:blast_furnace":1,"minecraft:tall_grass":1,"minecraft:copper_ore":3,"minecraft:cobblestone":3,"minecraft:lapis_ore":5,"minecraft:oak_planks":1,"minecraft:wall_torch":4,"minecraft:big_dripleaf":1,"minecraft:coarse_dirt":5,"minecraft:wheat":1,"minecraft:sweet_berry_bush":16,"minecraft:spruce_log":22,"minecraft:stone_brick_stairs":1,"minecraft:grass":6,"minecraft:coal_ore":39,"minecraft:cherry_leaves":39,"minecraft:sand":12,"minecraft:dirt":28,"minecraft:crimson_planks":6,"minecraft:deepslate":145,"minecraft:fern":7},"minecraft:dropped":{"minecraft:iron_ingot":29,"mythicmounts:summoning_staff":1,"minecraft:iron_sword":1,"minecraft:cherry_log":3,"minecraft:baked_potato":12,"minecraft:cobblestone":1,"minecraft:cornflower":1,"minecraft:white_banner":2,"minecraft:iron_pickaxe":1,"minecraft:string":2,"minecraft:furnace":1,"minecraft:stone_axe":1,"minecraft:sweet_berries":29,"minecraft:coarse_dirt":1,"minecraft:chiseled_quartz_block":1,"minecraft:stone_shovel":1,"minecraft:rotten_flesh":9,"minecraft:iron_boots":1,"minecraft:white_bed":1,"minecraft:big_dripleaf":7,"minecraft:shield":1,"minecraft:iron_chestplate":1,"farmersdelight:rope":9,"minecraft:arrow":6,"minecraft:stone_pickaxe":1},"minecraft:broken":{"minecraft:golden_sword":1,"minecraft:iron_axe":1,"minecraft:iron_pickaxe":1},"minecraft:custom":{"minecraft:mob_kills":47,"minecraft:interact_with_crafting_table":38,"minecraft:open_barrel":18,"minecraft:leave_game":10,"minecraft:time_since_death":21369,"minecraft:climb_one_cm":23022,"minecraft:sprint_one_cm":316117,"minecraft:walk_one_cm":483170,"minecraft:damage_blocked_by_shield":2320,"minecraft:drop":63,"minecraft:raid_win":1,"minecraft:play_time":195905,"minecraft:deaths":11,"minecraft:sneak_time":4248,"minecraft:walk_under_water_one_cm":21965,"minecraft:boat_one_cm":126363,"minecraft:jump":2512,"minecraft:interact_with_blast_furnace":10,"minecraft:walk_on_water_one_cm":27398,"minecraft:total_world_time":195905,"minecraft:interact_with_furnace":82,"minecraft:interact_with_stonecutter":1,"minecraft:sleep_in_bed":10,"minecraft:time_since_rest":9914,"minecraft:waystone_activated":6,"minecraft:damage_taken":5808,"minecraft:damage_dealt":9736,"minecraft:swim_one_cm":52908,"minecraft:fly_one_cm":425177,"minecraft:open_chest":58,"minecraft:crouch_one_cm":7796,"minecraft:interact_with_smoker":7,"minecraft:fall_one_cm":52362,"minecraft:inspect_dispenser":2,"minecraft:horse_one_cm":1218662},"minecraft:used":{"minecraft:moss_block":1,"minecraft:spruce_slab":7,"minecraft:stone_shovel":20,"minecraft:chest":2,"minecraft:shield":44,"minecraft:iron_chestplate":2,"minecraft:torch":10,"minecraft:dirt":38,"minecraft:jungle_planks":3,"minecraft:iron_axe":259,"minecraft:iron_helmet":1,"minecraft:iron_boots":1,"minecraft:golden_sword":35,"minecraft:sweet_berries":19,"minecraft:furnace":2,"minecraft:cooked_beef":4,"minecraft:potato":18,"minecraft:cherry_log":22,"minecraft:iron_leggings":1,"minecraft:cooked_mutton":5,"minecraft:baked_potato":18,"minecraft:oak_planks":1,"minecraft:jungle_fence":1,"minecraft:mossy_cobblestone":3,"minecraft:sand":1,"minecraft:crafting_table":9,"minecraft:blast_furnace":1,"minecraft:white_bed":9,"minecraft:spruce_log":1,"minecraft:smoker":1,"minecraft:diamond_pickaxe":7,"minecraft:apple":1,"minecraft:iron_pickaxe":486,"minecraft:light_gray_concrete":1,"minecraft:bread":12,"minecraft:spruce_sapling":1,"minecraft:gravel":1,"minecraft:stone_axe":57,"minecraft:cobblestone":52,"travelersbackpack:standard":3,"minecraft:cooked_porkchop":8,"minecraft:coarse_dirt":4,"minecraft:cobweb":5,"minecraft:bone_meal":42}},"DataVersion":3465}