{"stats":{"minecraft:killed":{"minecraft:magma_cube":3,"minecraft:spider":1,"minecraft:slime":1,"minecraft:skeleton":5,"minecraft:zombie":7,"minecraft:enderman":2},"minecraft:picked_up":{"minecraft:crafting_table":3,"minecraft:cooked_beef":4,"minecraft:clay_ball":303,"minecraft:jungle_fence":1,"minecraft:stone_brick_stairs":1,"minecraft:lapis_lazuli":39,"minecraft:string":2,"minecraft:dirt":46,"minecraft:moss_carpet":1,"minecraft:raw_copper":8,"minecraft:iron_leggings":1,"minecraft:cooked_mutton":5,"minecraft:bone":3,"minecraft:wheat_seeds":1,"minecraft:cobbled_deepslate":145,"minecraft:spruce_planks":4,"minecraft:iron_ingot":6,"minecraft:azalea":1,"minecraft:spruce_slab":1,"minecraft:moss_block":1,"minecraft:oak_planks":1,"minecraft:iron_boots":1,"minecraft:book":60,"minecraft:raw_iron":8,"mythicmounts:summoning_staff":2,"minecraft:cooked_porkchop":8,"minecraft:big_dripleaf":11,"minecraft:torch":8,"minecraft:gravel":1,"minecraft:sand":1,"minecraft:spruce_sapling":5,"minecraft:white_bed":4,"minecraft:spruce_log":18,"minecraft:light_gray_concrete":1,"minecraft:arrow":3,"minecraft:rotten_flesh":5,"minecraft:stone_axe":1,"minecraft:iron_helmet":1,"minecraft:iron_bars":1,"minecraft:coal":21,"minecraft:cobblestone":243,"minecraft:ender_pearl":1},"minecraft:killed_by":{"mythicmounts:dragon":4},"minecraft:broken":{"minecraft:iron_pickaxe":1},"minecraft:dropped":{"mythicmounts:summoning_staff":1,"minecraft:cobblestone":1,"minecraft:rotten_flesh":5,"minecraft:big_dripleaf":7},"minecraft:used":{"minecraft:moss_block":1,"minecraft:cooked_mutton":5,"minecraft:stone_shovel":20,"minecraft:jungle_fence":1,"minecraft:chest":1,"minecraft:shield":1,"minecraft:iron_chestplate":1,"minecraft:torch":7,"minecraft:dirt":38,"minecraft:sand":1,"minecraft:crafting_table":4,"minecraft:white_bed":4,"minecraft:spruce_log":1,"minecraft:iron_axe":57,"minecraft:iron_pickaxe":420,"minecraft:iron_helmet":1,"minecraft:iron_boots":1,"minecraft:stone_axe":51,"minecraft:cobblestone":37,"minecraft:furnace":1,"minecraft:cooked_porkchop":8,"minecraft:cooked_beef":4,"minecraft:iron_leggings":1},"minecraft:crafted":{"minecraft:stone_shovel":1,"minecraft:crafting_table":1,"minecraft:spruce_planks":68,"minecraft:furnace":1,"minecraft:air":0,"minecraft:iron_chestplate":1,"minecraft:shield":1,"minecraft:iron_axe":1,"minecraft:stick":16,"minecraft:iron_ingot":20,"minecraft:iron_pickaxe":2,"minecraft:stone_pickaxe":1,"minecraft:chest":1},"minecraft:mined":{"minecraft:white_bed":4,"minecraft:clay":64,"minecraft:crafting_table":3,"minecraft:torch":2,"minecraft:grass_block":18,"minecraft:copper_ore":3,"minecraft:cobblestone":1,"minecraft:spruce_leaves":6,"minecraft:lapis_ore":5,"minecraft:oak_planks":1,"minecraft:moss_block":1,"minecraft:wall_torch":4,"minecraft:big_dripleaf":1,"minecraft:spawner":2,"minecraft:black_stained_glass_pane":1,"minecraft:iron_ore":8,"minecraft:spruce_log":18,"minecraft:stone_brick_stairs":1,"minecraft:grass":1,"minecraft:bookshelf":20,"minecraft:coal_ore":21,"minecraft:iron_bars":1,"minecraft:dirt":28,"minecraft:stone":233,"minecraft:spruce_slab":1,"minecraft:deepslate":145},"minecraft:custom":{"minecraft:interact_with_furnace":12,"minecraft:mob_kills":19,"minecraft:interact_with_crafting_table":11,"minecraft:leave_game":3,"minecraft:time_since_death":31389,"minecraft:sleep_in_bed":3,"minecraft:climb_one_cm":21155,"minecraft:time_since_rest":8054,"minecraft:sprint_one_cm":123578,"minecraft:damage_taken":2595,"minecraft:walk_one_cm":200833,"minecraft:damage_blocked_by_shield":150,"minecraft:drop":10,"minecraft:damage_dealt":3283,"minecraft:swim_one_cm":20170,"minecraft:fly_one_cm":149751,"minecraft:open_chest":21,"minecraft:crouch_one_cm":1502,"minecraft:play_time":72686,"minecraft:deaths":4,"minecraft:sneak_time":861,"minecraft:walk_under_water_one_cm":2929,"minecraft:jump":990,"minecraft:walk_on_water_one_cm":6196,"minecraft:total_world_time":72686,"minecraft:inspect_dispenser":1,"minecraft:fall_one_cm":19103,"minecraft:horse_one_cm":4940}},"DataVersion":3465}