{"stats":{"minecraft:killed":{"minecraft:spider":5,"minecraft:skeleton":16,"minecraft:chicken":2,"minecraft:axolotl":1,"minecraft:piglin_brute":24,"minecraft:zombie_villager":1,"minecraft:creeper":8,"minecraft:squid":1,"minecraft:zombie":24,"minecraft:enderman":1},"minecraft:killed_by":{"minecraft:piglin_brute":1,"minecraft:creeper":1,"minecraft:spider":1,"minecraft:enderman":1,"minecraft:skeleton":2},"minecraft:picked_up":{"minecraft:charcoal":2,"minecraft:crafting_table":6,"minecraft:iron_chestplate":4,"minecraft:allium":23,"minecraft:chicken":1,"minecraft:clay_ball":48,"minecraft:wooden_pickaxe":1,"minecraft:enchanted_book":7,"minecraft:string":4,"minecraft:red_bed":2,"minecraft:moss_carpet":5,"minecraft:raw_copper":76,"minecraft:cooked_salmon":27,"travelersbackpack:creeper":3,"minecraft:iron_shovel":3,"minecraft:cracked_stone_bricks":1,"minecraft:tnt_minecart":1,"minecraft:cobbled_deepslate":54,"minecraft:spruce_planks":10,"minecraft:white_tulip":8,"mcdar:golem_kit":1,"minecraft:jungle_sapling":2,"minecraft:azalea":5,"farmersdelight:pasta_with_meatballs":1,"minecraft:spruce_slab":2,"minecraft:lectern":1,"minecraft:birch_sapling":1,"mcdw:sword_claymore":5,"minecraft:iron_boots":3,"minecraft:egg":3,"minecraft:dark_oak_sapling":18,"minecraft:stick":17,"minecraft:raw_iron":28,"minecraft:big_dripleaf":7,"minecraft:torch":26,"minecraft:spruce_stairs":8,"minecraft:cherry_log":74,"minecraft:redstone":1,"minecraft:dark_oak_planks":16,"minecraft:arrow":49,"minecraft:rotten_flesh":15,"minecraft:tropical_fish":2,"farmersdelight:bacon_sandwich":1,"minecraft:pink_tulip":19,"minecraft:saddle":1,"minecraft:gold_ingot":102,"minecraft:glow_berries":3,"minecraft:obsidian":15,"minecraft:cobblestone":173,"minecraft:birch_log":31,"minecraft:pink_petals":30,"mcdar:light_feather":1,"minecraft:feather":1,"minecraft:cooked_beef":6,"minecraft:flint":1,"minecraft:tuff":7,"artifacts:cloud_in_a_bottle":4,"minecraft:gunpowder":7,"minecraft:lapis_lazuli":75,"minecraft:dirt":447,"minecraft:name_tag":8,"minecraft:orange_terracotta":13,"mcdar:boots_of_swiftness":2,"minecraft:bone":32,"minecraft:apple":5,"minecraft:bow":4,"minecraft:wheat_seeds":18,"minecraft:raw_gold":20,"minecraft:bell":4,"minecraft:spruce_wood":7,"minecraft:iron_ingot":125,"minecraft:mossy_stone_bricks":1,"minecraft:bamboo":1,"minecraft:moss_block":8,"minecraft:oak_planks":2,"minecraft:flowering_azalea":2,"minecraft:book":120,"minecraft:cooked_porkchop":2,"minecraft:axolotl_bucket":1,"minecraft:gravel":3,"minecraft:sand":6,"minecraft:amethyst_shard":8,"minecraft:cyan_bed":3,"minecraft:dark_oak_log":123,"mcdw:sword_broadsword":2,"minecraft:diamond":7,"minecraft:soul_lantern":1,"minecraft:iron_helmet":1,"minecraft:cherry_sapling":26,"minecraft:warped_roots":1,"minecraft:bread":19,"minecraft:baked_potato":3,"minecraft:coal":73,"minecraft:ender_pearl":1,"minecraft:diamond_pickaxe":4},"minecraft:mined":{"minecraft:dark_oak_planks":16,"travelersbackpack:creeper":1,"minecraft:tuff":7,"minecraft:spruce_planks":1,"minecraft:dark_oak_leaves":134,"minecraft:deepslate_diamond_ore":8,"minecraft:cherry_log":60,"minecraft:jungle_leaves":15,"minecraft:dark_oak_log":133,"minecraft:obsidian":15,"minecraft:cave_vines_plant":9,"minecraft:allium":1,"minecraft:grass_block":237,"minecraft:moss_block":11,"minecraft:spawner":5,"minecraft:weeping_vines_plant":1,"minecraft:iron_ore":22,"minecraft:fire":1,"minecraft:deepslate_lapis_ore":1,"minecraft:bell":1,"minecraft:bookshelf":31,"minecraft:cave_vines":6,"minecraft:deepslate_iron_ore":6,"minecraft:vine":1,"minecraft:pink_tulip":2,"minecraft:spruce_wood":3,"minecraft:azalea":1,"minecraft:stone":149,"minecraft:podzol":56,"minecraft:flowering_azalea":2,"minecraft:glass_pane":1,"minecraft:red_bed":2,"minecraft:amethyst_cluster":2,"minecraft:orange_terracotta":14,"minecraft:soul_lantern":1,"minecraft:clay":12,"minecraft:crafting_table":7,"minecraft:torch":6,"minecraft:campfire":1,"minecraft:lectern":1,"minecraft:copper_ore":10,"minecraft:tall_grass":4,"minecraft:cobblestone":18,"minecraft:cyan_bed":2,"minecraft:oak_planks":2,"minecraft:wall_torch":8,"minecraft:big_dripleaf":2,"minecraft:pink_petals":4,"minecraft:birch_log":32,"minecraft:birch_leaves":2,"minecraft:grass":18,"minecraft:coal_ore":46,"minecraft:cherry_leaves":24,"minecraft:gravel":4,"minecraft:dirt":34,"minecraft:sand":6,"minecraft:cracked_stone_bricks":1,"minecraft:small_dripleaf":1,"minecraft:mossy_stone_bricks":1,"minecraft:gold_ore":19,"minecraft:deepslate":31,"minecraft:fern":7},"minecraft:broken":{"minecraft:iron_shovel":1,"minecraft:iron_axe":1},"minecraft:dropped":{"minecraft:bread":1,"minecraft:iron_sword":1,"minecraft:cooked_beef":2,"mcdw:sword_broadsword":2,"minecraft:diamond":1,"minecraft:dark_oak_sapling":2,"minecraft:cobblestone":3,"minecraft:apple":1,"mcdw:sword_claymore":2,"minecraft:tropical_fish":1,"minecraft:stick":8,"travelersbackpack:creeper":1,"minecraft:dirt":144,"minecraft:jungle_sapling":2,"minecraft:axolotl_bucket":1,"minecraft:pink_tulip":2,"minecraft:gravel":3,"minecraft:birch_sapling":1,"minecraft:rotten_flesh":4,"minecraft:clay_ball":12,"minecraft:gunpowder":2,"minecraft:allium":11,"minecraft:orange_terracotta":5,"mcdar:light_feather":1,"minecraft:ladder":8,"minecraft:spruce_wood":4},"minecraft:custom":{"minecraft:interact_with_smithing_table":2,"minecraft:interact_with_anvil":2,"minecraft:mob_kills":86,"minecraft:interact_with_crafting_table":62,"minecraft:open_barrel":28,"minecraft:leave_game":9,"minecraft:time_since_death":39915,"minecraft:climb_one_cm":18873,"minecraft:sprint_one_cm":531085,"minecraft:walk_one_cm":660610,"minecraft:drop":49,"minecraft:play_time":224504,"minecraft:sneak_time":10021,"minecraft:deaths":7,"minecraft:walk_under_water_one_cm":16556,"minecraft:boat_one_cm":36506,"minecraft:jump":3363,"minecraft:walk_on_water_one_cm":41693,"minecraft:enchant_item":1,"minecraft:total_world_time":224504,"minecraft:interact_with_furnace":127,"minecraft:sleep_in_bed":14,"minecraft:time_since_rest":8797,"minecraft:damage_taken":4548,"minecraft:trigger_trapped_chest":15,"minecraft:damage_dealt":7028,"minecraft:swim_one_cm":31976,"minecraft:fly_one_cm":742873,"minecraft:open_chest":75,"minecraft:crouch_one_cm":14362,"minecraft:fall_one_cm":159102},"minecraft:crafted":{"minecraft:cherry_planks":296,"mythicmounts:summoning_staff":1,"minecraft:furnace":2,"minecraft:bookshelf":24,"minecraft:flint_and_steel":1,"minecraft:glass_pane":48,"minecraft:dark_oak_door":3,"minecraft:glass":18,"minecraft:iron_boots":1,"minecraft:iron_axe":2,"minecraft:ladder":27,"minecraft:stone_pickaxe":1,"mcdw:sword_broadsword":2,"minecraft:chest":13,"minecraft:dark_oak_planks":316,"minecraft:cooked_beef":6,"minecraft:crafting_table":3,"minecraft:enchanting_table":1,"minecraft:wooden_pickaxe":1,"minecraft:baked_potato":12,"minecraft:iron_sword":2,"minecraft:cooked_salmon":12,"minecraft:birch_planks":64,"minecraft:stone_axe":1,"minecraft:air":0,"minecraft:iron_chestplate":1,"minecraft:stick":208,"minecraft:iron_ingot":89,"minecraft:iron_pickaxe":1,"minecraft:wooden_axe":1,"minecraft:iron_block":2,"minecraft:stone_sword":1,"minecraft:iron_shovel":2,"minecraft:iron_leggings":2,"minecraft:gold_ingot":26,"minecraft:torch":28,"mcdw:sword_iron_sword_var":2,"mcdw:sword_claymore":2},"minecraft:used":{"mcdw:sword_claymore":110,"minecraft:enchanting_table":1,"minecraft:stone_sword":12,"minecraft:iron_shovel":306,"minecraft:flint_and_steel":6,"minecraft:tropical_fish":1,"minecraft:ladder":19,"minecraft:chest":12,"minecraft:spruce_planks":3,"minecraft:cooked_salmon":4,"minecraft:iron_chestplate":2,"minecraft:torch":53,"minecraft:dirt":136,"minecraft:carrot":1,"minecraft:tuff":7,"minecraft:obsidian":11,"minecraft:dark_oak_planks":323,"minecraft:wooden_axe":2,"minecraft:flowering_azalea":2,"minecraft:lava_bucket":1,"minecraft:bookshelf":23,"minecraft:iron_axe":382,"minecraft:iron_helmet":1,"minecraft:iron_boots":2,"farmersdelight:bacon_sandwich":1,"minecraft:bow":144,"minecraft:furnace":2,"minecraft:egg":2,"minecraft:potato":3,"minecraft:cooked_beef":10,"minecraft:cobbled_deepslate":13,"minecraft:iron_leggings":2,"mcdw:sword_broadsword":3,"minecraft:stone_pickaxe":56,"minecraft:baked_potato":12,"minecraft:wooden_pickaxe":5,"minecraft:cherry_planks":4,"minecraft:warped_roots":1,"minecraft:crafting_table":9,"minecraft:red_bed":2,"minecraft:dark_oak_door":1,"minecraft:diamond_pickaxe":102,"minecraft:apple":4,"minecraft:chicken":1,"minecraft:dark_oak_log":32,"farmersdelight:pasta_with_meatballs":1,"travelersbackpack:creeper":1,"minecraft:bread":20,"minecraft:cyan_bed":2,"minecraft:iron_pickaxe":198,"minecraft:stone_axe":22,"minecraft:soul_lantern":1,"minecraft:cobblestone":59,"minecraft:cooked_porkchop":2,"minecraft:bucket":2,"minecraft:birch_log":6,"minecraft:glass_pane":33}},"DataVersion":3465}