{"stats":{"minecraft:killed":{"minecraft:pig":7,"minecraft:rabbit":1,"minecraft:creeper":1,"minecraft:sheep":8,"minecraft:skeleton":4,"minecraft:zombie":6,"minecraft:cow":4},"minecraft:mined":{"minecraft:white_bed":2,"minecraft:mossy_cobblestone":66,"minecraft:clay":38,"minecraft:crafting_table":1,"minecraft:torch":3,"minecraft:grass_block":3,"minecraft:copper_ore":11,"minecraft:cobblestone":6,"minecraft:spruce_leaves":10,"minecraft:lapis_ore":4,"minecraft:bricks":6,"minecraft:wall_torch":2,"minecraft:large_fern":3,"minecraft:spruce_sapling":1,"minecraft:furnace":2,"minecraft:iron_ore":63,"minecraft:spruce_log":20,"minecraft:jungle_fence":1,"minecraft:black_bed":1,"minecraft:grass":11,"soulsweapons:moonstone_ore_deepslate":1,"minecraft:coal_ore":22,"minecraft:cave_vines":1,"minecraft:gravel":1,"minecraft:dirt":1,"minecraft:stone":96,"soulsweapons:verglas_ore":1,"minecraft:gold_ore":18,"farmersdelight:wild_potatoes":9,"minecraft:deepslate":86,"minecraft:fern":21},"minecraft:picked_up":{"minecraft:charcoal":4,"minecraft:crafting_table":1,"minecraft:clay_ball":172,"minecraft:black_bed":1,"minecraft:leather":5,"minecraft:potato":9,"soulsweapons:moonstone":1,"minecraft:gunpowder":2,"minecraft:string":2,"minecraft:lapis_lazuli":25,"minecraft:dirt":14,"minecraft:moss_carpet":2,"minecraft:raw_copper":34,"minecraft:bone":2,"minecraft:wheat_seeds":9,"minecraft:cobbled_deepslate":86,"minecraft:raw_gold":18,"minecraft:rabbit_hide":1,"minecraft:beef":8,"minecraft:azalea":1,"minecraft:rabbit":1,"minecraft:furnace":2,"minecraft:raw_iron":62,"minecraft:sweet_berries":22,"minecraft:big_dripleaf":1,"minecraft:torch":5,"minecraft:gravel":1,"minecraft:porkchop":16,"minecraft:spruce_sapling":2,"minecraft:white_bed":2,"minecraft:spruce_log":19,"minecraft:mossy_cobblestone":54,"minecraft:arrow":3,"minecraft:rotten_flesh":4,"minecraft:bricks":6,"minecraft:ender_pearl":1,"soulsweapons:verglas":1,"minecraft:black_wool":3,"minecraft:glow_berries":1,"minecraft:mutton":11,"minecraft:coal":22,"minecraft:white_wool":7,"minecraft:cobblestone":100},"minecraft:custom":{"minecraft:interact_with_furnace":35,"minecraft:mob_kills":31,"minecraft:tune_noteblock":7,"minecraft:interact_with_crafting_table":15,"minecraft:leave_game":2,"minecraft:time_since_death":104980,"minecraft:sleep_in_bed":5,"minecraft:climb_one_cm":3794,"minecraft:time_since_rest":3220,"minecraft:sprint_one_cm":213115,"minecraft:damage_taken":793,"minecraft:walk_one_cm":149505,"minecraft:drop":26,"minecraft:damage_dealt":4902,"minecraft:play_noteblock":1,"minecraft:swim_one_cm":11022,"minecraft:fly_one_cm":205456,"minecraft:open_chest":10,"minecraft:crouch_one_cm":15834,"minecraft:play_time":104980,"minecraft:sneak_time":5567,"minecraft:walk_under_water_one_cm":9052,"minecraft:jump":1110,"minecraft:walk_on_water_one_cm":15504,"minecraft:total_world_time":104980,"minecraft:fall_one_cm":24109,"minecraft:horse_one_cm":25},"minecraft:broken":{"minecraft:stone_pickaxe":1},"minecraft:crafted":{"minecraft:cooked_beef":8,"ironchest:wood_copper_upgrade":1,"minecraft:cooked_porkchop":13,"minecraft:crafting_table":1,"minecraft:spruce_planks":48,"minecraft:wooden_pickaxe":1,"minecraft:iron_helmet":2,"minecraft:iron_sword":1,"minecraft:furnace":1,"minecraft:copper_ingot":13,"minecraft:stone_axe":1,"minecraft:cooked_mutton":11,"minecraft:air":0,"minecraft:iron_boots":2,"minecraft:iron_chestplate":1,"minecraft:wooden_hoe":1,"minecraft:charcoal":7,"minecraft:stick":20,"minecraft:iron_ingot":50,"minecraft:iron_pickaxe":1,"minecraft:stone_pickaxe":2,"minecraft:stone_sword":1,"minecraft:iron_leggings":2,"minecraft:white_bed":2,"minecraft:torch":4},"minecraft:dropped":{"minecraft:iron_ingot":6,"mythicmounts:summoning_staff":1,"minecraft:stone_axe":1,"minecraft:cooked_beef":4,"minecraft:ender_pearl":1,"minecraft:cooked_porkchop":8,"minecraft:iron_helmet":1,"minecraft:iron_boots":1,"minecraft:cooked_mutton":5,"minecraft:torch":1,"minecraft:spruce_planks":4,"minecraft:iron_leggings":1,"minecraft:black_wool":2},"minecraft:used":{"minecraft:wheat_seeds":9,"minecraft:cooked_mutton":6,"minecraft:moss_carpet":2,"minecraft:stone_sword":113,"minecraft:stone_pickaxe":159,"minecraft:wooden_pickaxe":10,"minecraft:iron_sword":11,"minecraft:iron_chestplate":1,"minecraft:torch":7,"minecraft:mossy_cobblestone":12,"minecraft:dirt":14,"minecraft:crafting_table":2,"minecraft:white_bed":4,"minecraft:big_dripleaf":1,"minecraft:wooden_hoe":10,"minecraft:iron_pickaxe":227,"minecraft:gravel":1,"minecraft:spruce_sapling":2,"minecraft:stone_axe":14,"minecraft:furnace":2,"minecraft:cooked_porkchop":5,"minecraft:cooked_beef":4,"minecraft:cobbled_deepslate":10}},"DataVersion":3465}