{"stats":{"minecraft:killed":{"minecraft:pig":7,"minecraft:rabbit":1,"minecraft:creeper":1,"minecraft:sheep":8,"minecraft:skeleton":4,"minecraft:zombie":7,"minecraft:enderman":1,"minecraft:cow":4},"minecraft:picked_up":{"minecraft:charcoal":4,"minecraft:crafting_table":1,"minecraft:clay_ball":172,"minecraft:black_bed":1,"minecraft:leather":5,"minecraft:potato":9,"soulsweapons:moonstone":1,"minecraft:gunpowder":2,"minecraft:lapis_lazuli":25,"minecraft:dirt":14,"minecraft:string":3,"minecraft:moss_carpet":2,"minecraft:raw_copper":34,"minecraft:bone":6,"minecraft:wheat_seeds":9,"minecraft:cobbled_deepslate":86,"minecraft:raw_gold":18,"minecraft:rabbit_hide":1,"minecraft:beef":8,"minecraft:azalea":1,"minecraft:rabbit":1,"minecraft:furnace":2,"minecraft:raw_iron":62,"minecraft:sweet_berries":22,"minecraft:big_dripleaf":1,"minecraft:torch":5,"minecraft:sand":1,"minecraft:gravel":1,"minecraft:porkchop":16,"minecraft:spruce_sapling":2,"minecraft:white_bed":2,"minecraft:spruce_log":19,"minecraft:mossy_cobblestone":54,"minecraft:arrow":9,"minecraft:rotten_flesh":6,"soulsweapons:verglas":1,"minecraft:black_wool":3,"minecraft:glow_berries":1,"minecraft:mutton":11,"minecraft:bricks":6,"minecraft:coal":22,"minecraft:white_wool":7,"minecraft:cobblestone":100,"minecraft:ender_pearl":2},"minecraft:killed_by":{"minecraft:creeper":1},"minecraft:dropped":{"minecraft:iron_ingot":6,"mythicmounts:summoning_staff":1,"minecraft:stone_axe":1,"minecraft:cooked_beef":4,"minecraft:ender_pearl":1,"minecraft:cooked_porkchop":8,"minecraft:iron_helmet":1,"minecraft:iron_boots":1,"minecraft:cooked_mutton":5,"minecraft:torch":1,"minecraft:spruce_planks":4,"minecraft:iron_leggings":1,"minecraft:black_wool":2},"minecraft:broken":{"minecraft:stone_pickaxe":1},"minecraft:used":{"minecraft:wheat_seeds":9,"minecraft:cooked_mutton":6,"minecraft:moss_carpet":2,"minecraft:stone_sword":113,"minecraft:stone_pickaxe":159,"minecraft:wooden_pickaxe":10,"minecraft:iron_sword":24,"minecraft:iron_chestplate":1,"minecraft:torch":7,"minecraft:mossy_cobblestone":12,"minecraft:dirt":14,"minecraft:crafting_table":2,"minecraft:white_bed":4,"minecraft:black_bed":1,"minecraft:big_dripleaf":1,"minecraft:wooden_hoe":10,"minecraft:iron_pickaxe":229,"minecraft:gravel":1,"minecraft:spruce_sapling":2,"minecraft:stone_axe":14,"minecraft:furnace":2,"minecraft:cooked_porkchop":6,"minecraft:cooked_beef":4,"minecraft:cobbled_deepslate":10},"minecraft:mined":{"minecraft:white_bed":2,"minecraft:mossy_cobblestone":66,"minecraft:clay":38,"minecraft:crafting_table":1,"minecraft:torch":3,"minecraft:grass_block":3,"minecraft:copper_ore":11,"minecraft:cobblestone":6,"minecraft:spruce_leaves":10,"minecraft:lapis_ore":4,"minecraft:bricks":6,"minecraft:wall_torch":2,"minecraft:spawner":2,"minecraft:large_fern":3,"minecraft:spruce_sapling":1,"minecraft:furnace":2,"minecraft:iron_ore":63,"minecraft:spruce_log":20,"minecraft:jungle_fence":1,"minecraft:black_bed":1,"minecraft:grass":11,"soulsweapons:moonstone_ore_deepslate":1,"minecraft:coal_ore":22,"minecraft:cave_vines":1,"minecraft:gravel":1,"minecraft:dirt":1,"minecraft:tripwire":1,"minecraft:stone":96,"soulsweapons:verglas_ore":1,"minecraft:gold_ore":18,"minecraft:deepslate":86,"farmersdelight:wild_potatoes":9,"minecraft:fern":21},"minecraft:custom":{"minecraft:interact_with_furnace":39,"minecraft:mob_kills":34,"minecraft:interact_with_crafting_table":15,"minecraft:tune_noteblock":7,"minecraft:leave_game":3,"minecraft:time_since_death":1121,"minecraft:sleep_in_bed":5,"minecraft:climb_one_cm":17245,"minecraft:time_since_rest":1147,"minecraft:sprint_one_cm":241589,"minecraft:damage_taken":1186,"minecraft:walk_one_cm":174321,"minecraft:drop":26,"minecraft:damage_dealt":5392,"minecraft:play_noteblock":1,"minecraft:swim_one_cm":15367,"minecraft:fly_one_cm":230641,"minecraft:open_chest":16,"minecraft:crouch_one_cm":17545,"minecraft:play_time":117305,"minecraft:deaths":1,"minecraft:sneak_time":5899,"minecraft:walk_under_water_one_cm":9589,"minecraft:jump":1208,"minecraft:walk_on_water_one_cm":15971,"minecraft:fall_one_cm":26203,"minecraft:horse_one_cm":25,"minecraft:total_world_time":117305},"minecraft:crafted":{"minecraft:cooked_beef":8,"ironchest:wood_copper_upgrade":1,"minecraft:cooked_porkchop":16,"minecraft:crafting_table":1,"minecraft:spruce_planks":48,"minecraft:iron_helmet":2,"minecraft:wooden_pickaxe":1,"minecraft:iron_sword":1,"minecraft:furnace":1,"minecraft:copper_ingot":13,"minecraft:stone_axe":1,"minecraft:cooked_mutton":11,"minecraft:air":0,"minecraft:iron_boots":2,"minecraft:iron_chestplate":1,"minecraft:wooden_hoe":1,"minecraft:charcoal":7,"minecraft:stick":20,"minecraft:iron_ingot":50,"minecraft:stone_pickaxe":2,"minecraft:iron_pickaxe":1,"minecraft:stone_sword":1,"minecraft:iron_leggings":2,"minecraft:white_bed":2,"minecraft:torch":4}},"DataVersion":3465}