{"stats":{"minecraft:picked_up":{"minecraft:iron_chestplate":5,"minecraft:wheat":33,"minecraft:anvil":2,"minecraft:smithing_table":4,"minecraft:enchanted_book":22,"minecraft:brewing_stand":1,"minecraft:string":21,"minecraft:raw_copper":103,"travelersbackpack:creeper":2,"minecraft:iron_leggings":4,"minecraft:cobbled_deepslate":59,"bosses_of_mass_destruction:soul_star":1,"farmersdelight:cabbage":11,"minecraft:spruce_planks":3,"minecraft:azalea":5,"minecraft:iron_pickaxe":1,"minecraft:enchanted_golden_apple":8,"farmersdelight:cabbage_seeds":27,"minecraft:furnace":4,"minecraft:stick":22,"minecraft:torch":25,"minecraft:spruce_stairs":1,"minecraft:porkchop":7,"minecraft:cherry_log":25,"farmersdelight:chicken_cuts":10,"farmersdelight:fried_egg":3,"minecraft:rotten_flesh":39,"farmersdelight:raw_pasta":3,"minecraft:iron_bars":1,"minecraft:cobblestone":122,"minecraft:pink_petals":14,"minecraft:feather":8,"minecraft:cooked_beef":32,"minecraft:potato":30,"farmersdelight:bacon":10,"minecraft:tuff":9,"farmersdelight:cooked_bacon":10,"minecraft:magenta_bed":1,"minecraft:lapis_lazuli":104,"farmersdelight:tomato":14,"minecraft:dirt":38,"farmersdelight:mutton_chops":6,"minecraft:bone":95,"minecraft:bow":5,"minecraft:wheat_seeds":89,"minecraft:raw_gold":13,"minecraft:bamboo":56,"minecraft:moss_block":10,"minecraft:oak_planks":5,"minecraft:cooked_porkchop":22,"minecraft:axolotl_bucket":6,"minecraft:sand":38,"minecraft:ink_sac":1,"minecraft:dark_oak_log":60,"minecraft:trapped_chest":1,"farmersdelight:cooked_mutton_chops":8,"minecraft:mossy_cobblestone":1,"minecraft:diamond":112,"minecraft:soul_lantern":1,"minecraft:bone_meal":7,"minecraft:white_concrete":2,"minecraft:emerald":1,"minecraft:golden_horse_armor":5,"minecraft:bread":8,"minecraft:oak_sapling":10,"minecraft:netherrack":1,"minecraft:crafting_table":4,"minecraft:allium":12,"minecraft:chicken":6,"minecraft:ladder":26,"minecraft:clay_ball":170,"minecraft:brown_mushroom":2,"minecraft:red_bed":1,"minecraft:moss_carpet":5,"minecraft:iron_shovel":1,"minecraft:blue_orchid":4,"minecraft:beef":30,"farmersdelight:straw":23,"minecraft:jungle_sapling":1,"minecraft:poppy":2,"minecraft:chest":2,"mcdw:sword_claymore":6,"minecraft:egg":5,"minecraft:dark_oak_sapling":2,"minecraft:raw_iron":149,"farmersdelight:minced_beef":2,"minecraft:bowl":2,"farmersdelight:tomato_seeds":1,"minecraft:carrot":2,"minecraft:redstone":104,"minecraft:dark_oak_planks":12,"minecraft:arrow":21,"farmersdelight:cooked_chicken_cuts":10,"minecraft:pink_tulip":8,"minecraft:black_banner":1,"minecraft:gold_ingot":34,"minecraft:glow_berries":1,"minecraft:mutton":6,"minecraft:white_wool":8,"minecraft:rail":3,"minecraft:stripped_oak_log":5,"mcdar:light_feather":3,"minecraft:glow_ink_sac":1,"minecraft:leather":15,"minecraft:gunpowder":1,"farmersdelight:skillet":4,"minecraft:wooden_hoe":1,"minecraft:paper":24,"minecraft:orange_terracotta":18,"minecraft:cooked_mutton":3,"minecraft:apple":19,"minecraft:stone_bricks":1,"farmersdelight:cooking_pot":2,"minecraft:spruce_wood":4,"minecraft:iron_ingot":7,"minecraft:cooked_chicken":1,"minecraft:iron_sword":1,"minecraft:dark_oak_stairs":1,"minecraft:book":2,"minecraft:amethyst_shard":8,"minecraft:white_bed":7,"minecraft:spider_eye":1,"mcdw:sword_broadsword":1,"minecraft:iron_helmet":3,"minecraft:cherry_sapling":3,"minecraft:gray_wool":1,"minecraft:warped_roots":3,"minecraft:coal":56,"minecraft:ender_pearl":2},"minecraft:broken":{"minecraft:iron_chestplate":1,"minecraft:iron_leggings":1,"mcdw:sword_claymore":1},"minecraft:mined":{"minecraft:white_bed":4,"minecraft:cherry_log":20,"minecraft:jungle_leaves":1,"minecraft:brewing_stand":1,"minecraft:cave_vines_plant":2,"minecraft:grass_block":4,"minecraft:white_concrete":1,"minecraft:spawner":3,"minecraft:tall_seagrass":1,"minecraft:iron_ore":107,"minecraft:barrel":1,"minecraft:moss_carpet":1,"minecraft:anvil":2,"minecraft:dark_oak_stairs":1,"minecraft:cave_vines":3,"minecraft:pink_tulip":2,"minecraft:spruce_wood":1,"minecraft:azalea":2,"minecraft:brown_mushroom":2,"minecraft:red_bed":1,"minecraft:soul_fire":1,"minecraft:orange_terracotta":6,"minecraft:clay":31,"minecraft:torch":10,"minecraft:mushroom_stem":11,"farmersdelight:cabbages":11,"minecraft:cobblestone":29,"minecraft:oak_planks":1,"minecraft:wall_torch":4,"minecraft:pink_petals":2,"minecraft:warped_nylium":1,"minecraft:wheat":32,"minecraft:magenta_bed":1,"minecraft:grass":51,"minecraft:sand":38,"minecraft:dirt":13,"minecraft:deepslate":43,"minecraft:diamond_ore":1,"minecraft:tuff":11,"minecraft:mossy_cobblestone":1,"minecraft:dark_oak_leaves":4,"minecraft:deepslate_diamond_ore":35,"minecraft:dark_oak_log":19,"minecraft:allium":7,"minecraft:redstone_wire":1,"farmersdelight:tomatoes":1,"minecraft:moss_block":9,"minecraft:large_fern":1,"minecraft:redstone_ore":23,"minecraft:furnace":3,"minecraft:deepslate_iron_ore":43,"minecraft:vine":1,"minecraft:stripped_oak_log":2,"minecraft:bamboo":3,"minecraft:stone":90,"minecraft:white_wool":6,"farmersdelight:cooking_pot":2,"minecraft:smithing_table":4,"minecraft:flowering_azalea":1,"minecraft:crafting_table":1,"minecraft:warped_roots":3,"minecraft:tall_grass":12,"minecraft:copper_ore":6,"minecraft:lapis_ore":18,"minecraft:deepslate_gold_ore":3,"minecraft:spruce_stairs":1,"farmersdelight:skillet":4,"minecraft:black_wall_banner":1,"minecraft:coal_ore":49,"minecraft:cherry_leaves":14,"minecraft:cobweb":16,"minecraft:stone_bricks":1,"minecraft:small_dripleaf":1,"minecraft:gold_ore":4,"minecraft:fern":17},"minecraft:crafted":{"minecraft:brick":116,"minecraft:oak_planks":8,"minecraft:dark_oak_boat":3,"minecraft:cooked_mutton":1,"smallships:sail":1,"minecraft:glass":24,"minecraft:iron_boots":2,"farmersdelight:bacon_sandwich":3,"minecraft:bricks":5,"minecraft:magenta_dye":1,"farmersdelight:stove":1,"farmersdelight:tomato_seeds":2,"minecraft:wooden_shovel":1,"travelersbackpack:iron_tier_upgrade":2,"minecraft:cooked_porkchop":4,"minecraft:crafting_table":3,"minecraft:spruce_planks":16,"farmersdelight:iron_knife":1,"travelersbackpack:standard":1,"minecraft:baked_potato":12,"minecraft:wooden_pickaxe":2,"minecraft:copper_ingot":18,"minecraft:birch_planks":24,"minecraft:campfire":1,"farmersdelight:wheat_dough":3,"farmersdelight:skillet":1,"farmersdelight:cutting_board":1,"minecraft:wooden_hoe":2,"minecraft:iron_chestplate":2,"minecraft:diamond_pickaxe":2,"minecraft:charcoal":1,"minecraft:stick":52,"minecraft:iron_ingot":131,"minecraft:iron_pickaxe":2,"minecraft:stone_sword":1,"minecraft:cherry_planks":8,"smallships:dark_oak_cog":1,"farmersdelight:pasta_with_meatballs":2,"comforts:sleeping_bag_white":1,"minecraft:bone_meal":72,"travelersbackpack:blank_upgrade":4,"travelersbackpack:gold_tier_upgrade":2,"minecraft:iron_axe":1,"minecraft:stone_pickaxe":2,"minecraft:dark_oak_planks":124,"minecraft:lead":4,"minecraft:cooked_beef":4,"minecraft:magenta_bed":1,"travelersbackpack:backpack_tank":4,"minecraft:bowl":4,"farmersdelight:cooking_pot":1,"minecraft:bucket":4,"minecraft:stone_axe":1,"minecraft:bread":4,"minecraft:air":0,"minecraft:white_wool":5,"minecraft:raw_gold":45,"minecraft:iron_leggings":1,"minecraft:torch":108},"minecraft:killed_by":{"minecraft:piglin_brute":3,"minecraft:creeper":1,"minecraft:iron_golem":1},"minecraft:used":{"minecraft:moss_block":4,"minecraft:moss_carpet":1,"mcdw:sword_claymore":262,"farmersdelight:cabbage_seeds":20,"minecraft:ladder":4,"farmersdelight:stove":1,"minecraft:iron_sword":148,"minecraft:rotten_flesh":2,"minecraft:iron_chestplate":4,"minecraft:allium":4,"minecraft:tuff":8,"minecraft:bricks":1,"minecraft:iron_helmet":1,"minecraft:stone_bricks":1,"farmersdelight:cutting_board":1,"minecraft:furnace":2,"minecraft:egg":2,"minecraft:potato":8,"minecraft:dark_oak_stairs":1,"minecraft:stone_pickaxe":60,"minecraft:wooden_pickaxe":8,"minecraft:white_wool":3,"minecraft:sand":2,"minecraft:dark_oak_log":2,"farmersdelight:cooked_chicken_cuts":2,"minecraft:bread":32,"minecraft:soul_lantern":1,"minecraft:smithing_table":3,"minecraft:bone_meal":79,"minecraft:cobweb":13,"minecraft:azalea":1,"minecraft:iron_bars":1,"minecraft:stone_sword":8,"minecraft:spruce_planks":14,"minecraft:cooked_chicken":1,"minecraft:torch":92,"minecraft:dirt":15,"minecraft:spruce_stairs":1,"minecraft:dark_oak_planks":16,"minecraft:iron_axe":38,"minecraft:iron_boots":2,"farmersdelight:cooking_pot":2,"minecraft:trapped_chest":1,"minecraft:cooked_beef":33,"farmersdelight:tomato_seeds":6,"minecraft:cobbled_deepslate":34,"minecraft:orange_terracotta":9,"minecraft:iron_leggings":2,"minecraft:wheat_seeds":43,"minecraft:cooked_mutton":2,"farmersdelight:iron_knife":27,"minecraft:water_bucket":5,"minecraft:pink_tulip":2,"farmersdelight:skillet":7,"smallships:dark_oak_cog":1,"minecraft:baked_potato":12,"minecraft:cherry_planks":4,"minecraft:warped_roots":3,"minecraft:crafting_table":4,"minecraft:red_bed":1,"minecraft:magenta_bed":2,"minecraft:white_bed":2,"minecraft:wooden_hoe":32,"minecraft:diamond_pickaxe":11,"minecraft:apple":40,"minecraft:chicken":1,"minecraft:iron_pickaxe":427,"minecraft:stone_axe":25,"minecraft:pink_petals":4,"minecraft:cobblestone":72,"travelersbackpack:standard":1,"minecraft:cooked_porkchop":15,"minecraft:bucket":10,"minecraft:stripped_oak_log":3},"minecraft:custom":{"minecraft:interact_with_crafting_table":58,"minecraft:open_barrel":39,"minecraft:bell_ring":1,"minecraft:leave_game":18,"minecraft:time_since_death":181535,"minecraft:sprint_one_cm":1086770,"minecraft:drop":92,"minecraft:play_time":401745,"minecraft:deaths":5,"minecraft:jump":5589,"minecraft:walk_on_water_one_cm":38288,"minecraft:interact_with_furnace":168,"minecraft:interact_with_cartography_table":1,"minecraft:sleep_in_bed":22,"minecraft:damage_dealt":21563,"minecraft:crouch_one_cm":38467,"minecraft:interact_with_smoker":8,"minecraft:interact_with_smithing_table":5,"minecraft:mob_kills":135,"minecraft:interact_with_anvil":3,"minecraft:interact_with_campfire":9,"minecraft:climb_one_cm":19386,"minecraft:walk_one_cm":796233,"minecraft:sneak_time":14317,"minecraft:walk_under_water_one_cm":32335,"minecraft:boat_one_cm":125901,"minecraft:total_world_time":401745,"minecraft:time_since_rest":3131,"minecraft:damage_taken":7585,"minecraft:trigger_trapped_chest":32,"minecraft:swim_one_cm":72953,"minecraft:fly_one_cm":1210374,"minecraft:open_chest":186,"minecraft:fall_one_cm":149326},"minecraft:killed":{"betternether:skull":1,"minecraft:spider":3,"betternether:firefly":1,"minecraft:skeleton":33,"minecraft:chicken":5,"minecraft:piglin_brute":7,"minecraft:pig":8,"minecraft:iron_golem":1,"minecraft:creeper":3,"minecraft:sheep":4,"minecraft:zombie":30,"minecraft:cow":18,"betternether:naga":2,"minecraft:squid":1,"minecraft:enderman":1},"minecraft:dropped":{"minecraft:moss_block":6,"minecraft:brown_mushroom":2,"minecraft:cooked_beef":3,"mcdw:sword_broadsword":1,"minecraft:ender_pearl":1,"minecraft:dark_oak_sapling":2,"minecraft:glow_berries":1,"mcdw:sword_claymore":1,"minecraft:rail":3,"minecraft:dirt":12,"minecraft:jungle_sapling":1,"farmersdelight:cooked_mutton_chops":2,"mcdar:boots_of_swiftness":1,"minecraft:dark_oak_planks":1,"minecraft:white_wool":2,"minecraft:bone":1,"minecraft:stone_axe":1,"minecraft:rotten_flesh":21,"minecraft:oak_planks":1,"minecraft:poppy":2,"minecraft:gunpowder":1,"minecraft:azalea":4,"mcdar:golem_kit":1,"minecraft:arrow":8,"minecraft:iron_ingot":5,"minecraft:bread":17,"minecraft:wheat_seeds":3,"minecraft:cobblestone":14,"farmersdelight:bacon_sandwich":1,"minecraft:book":15,"minecraft:apple":2,"minecraft:stick":1,"travelersbackpack:creeper":2,"minecraft:gray_wool":1,"minecraft:torch":6,"minecraft:wooden_hoe":2,"minecraft:white_concrete":1,"minecraft:pink_petals":10,"minecraft:pink_tulip":6,"farmersdelight:pasta_with_meatballs":1,"minecraft:moss_carpet":4,"minecraft:stone_sword":1,"minecraft:allium":6,"minecraft:orange_terracotta":3,"minecraft:iron_chestplate":1,"minecraft:diamond_pickaxe":1,"mcdar:light_feather":1,"minecraft:oak_sapling":5,"minecraft:bow":3,"minecraft:blue_orchid":2,"minecraft:stone_pickaxe":2,"minecraft:wooden_pickaxe":2}},"DataVersion":3465}