{"stats":{"minecraft:killed_by":{"minecraft:creeper":1},"minecraft:broken":{"minecraft:stone_pickaxe":1,"minecraft:iron_pickaxe":1},"minecraft:mined":{"farmersdelight:rich_soil":2,"minecraft:white_bed":5,"minecraft:mossy_cobblestone":66,"minecraft:cave_vines_plant":2,"minecraft:grass_block":5,"minecraft:coal_block":8,"farmersdelight:tomatoes":4,"minecraft:spruce_leaves":13,"minecraft:moss_block":2,"ironchest:copper_chest":1,"minecraft:spawner":2,"minecraft:large_fern":13,"minecraft:hay_block":46,"minecraft:spruce_sapling":1,"minecraft:furnace":13,"minecraft:carrots":3,"minecraft:iron_ore":63,"soulsweapons:moonstone_ore_deepslate":1,"minecraft:potatoes":5,"minecraft:cave_vines":1,"minecraft:light_gray_concrete":8,"minecraft:white_banner":1,"minecraft:stone":114,"minecraft:spruce_slab":1,"farmersdelight:wild_potatoes":9,"minecraft:tripwire":2,"minecraft:gray_concrete":1,"farmersdelight:organic_compost":5,"minecraft:chiseled_quartz_block":6,"minecraft:crafting_table":1,"minecraft:clay":38,"minecraft:torch":3,"minecraft:blast_furnace":1,"minecraft:chest":1,"minecraft:dead_bush":1,"farmersdelight:cabbages":3,"minecraft:tall_grass":1,"minecraft:copper_ore":11,"minecraft:cobblestone":6,"minecraft:lapis_ore":4,"minecraft:bricks":6,"minecraft:wall_torch":5,"minecraft:wheat":33,"minecraft:spruce_log":29,"minecraft:jungle_fence":1,"minecraft:black_bed":2,"minecraft:grass":19,"minecraft:oak_log":1,"minecraft:coal_ore":22,"minecraft:beetroots":1,"minecraft:sand":4,"minecraft:gravel":1,"minecraft:smooth_quartz":4,"minecraft:dirt":1,"minecraft:cobweb":13,"minecraft:dispenser":1,"minecraft:oak_leaves":9,"minecraft:gold_ore":18,"minecraft:deepslate":86,"minecraft:fern":26,"soulsweapons:verglas_ore":1},"minecraft:killed":{"minecraft:evoker":1,"minecraft:vex":1,"minecraft:witch":1,"minecraft:vindicator":4,"minecraft:spider":1,"minecraft:cod":4,"minecraft:skeleton":11,"minecraft:magma_cube":7,"minecraft:pig":13,"minecraft:salmon":2,"minecraft:rabbit":1,"minecraft:creeper":2,"minecraft:sheep":9,"minecraft:pillager":9,"minecraft:zombie":12,"minecraft:cow":4,"minecraft:enderman":1},"minecraft:dropped":{"minecraft:iron_ingot":6,"farmersdelight:iron_knife":1,"mythicmounts:summoning_staff":1,"minecraft:wheat_seeds":1,"minecraft:cooked_beef":4,"minecraft:ender_pearl":1,"minecraft:golden_horse_armor":1,"minecraft:cooked_porkchop":8,"minecraft:iron_helmet":1,"minecraft:saddle":1,"minecraft:torch":1,"minecraft:iron_leggings":1,"minecraft:moss_carpet":1,"minecraft:stone_axe":1,"minecraft:sweet_berries":9,"minecraft:stone_sword":1,"minecraft:wheat":9,"minecraft:iron_boots":1,"minecraft:cooked_mutton":5,"minecraft:big_dripleaf":4,"minecraft:spruce_planks":4,"minecraft:azalea":1,"minecraft:black_wool":2},"minecraft:picked_up":{"minecraft:charcoal":8,"minecraft:crafting_table":1,"minecraft:wheat":29,"minecraft:clay_ball":788,"minecraft:redstone_lamp":12,"minecraft:wooden_pickaxe":1,"soulsweapons:moonstone":2,"minecraft:string":19,"minecraft:moss_carpet":2,"minecraft:raw_copper":55,"minecraft:sticky_piston":3,"minecraft:beetroot":1,"minecraft:cobbled_deepslate":408,"minecraft:beef":11,"farmersdelight:straw":26,"minecraft:azalea":1,"minecraft:smooth_quartz":4,"minecraft:spruce_slab":2,"minecraft:chest":1,"minecraft:coal_block":8,"minecraft:piston":14,"farmersdelight:cabbage_seeds":3,"minecraft:furnace":13,"minecraft:stick":2,"minecraft:raw_iron":62,"minecraft:copper_ingot":5,"minecraft:big_dripleaf":1,"minecraft:torch":9,"minecraft:porkchop":23,"farmersdelight:tomato_seeds":4,"minecraft:cherry_log":3,"minecraft:carrot":3,"minecraft:redstone":24,"minecraft:arrow":28,"minecraft:rotten_flesh":26,"minecraft:beetroot_seeds":2,"minecraft:hay_block":47,"minecraft:totem_of_undying":1,"minecraft:saddle":2,"farmersdelight:rope":17,"minecraft:mutton":19,"minecraft:glow_berries":3,"minecraft:cod":3,"minecraft:white_wool":11,"minecraft:cobblestone":441,"farmersdelight:rich_soil":2,"minecraft:repeater":2,"minecraft:salmon":1,"minecraft:black_bed":2,"minecraft:leather":10,"minecraft:chiseled_quartz_block":9,"minecraft:potato":31,"ironchest:copper_chest":2,"minecraft:oak_log":1,"minecraft:wooden_hoe":1,"minecraft:gunpowder":8,"minecraft:lapis_lazuli":50,"minecraft:gray_concrete":1,"minecraft:dirt":43,"minecraft:white_banner":5,"farmersdelight:organic_compost":5,"minecraft:glass":8,"minecraft:bone":17,"minecraft:apple":1,"farmersdelight:iron_knife":1,"minecraft:wheat_seeds":138,"minecraft:raw_gold":36,"minecraft:rabbit_hide":3,"minecraft:rabbit":1,"minecraft:moss_block":2,"minecraft:sweet_berries":58,"minecraft:gravel":1,"minecraft:sand":7,"minecraft:spruce_sapling":7,"minecraft:blast_furnace":1,"minecraft:white_bed":7,"minecraft:spruce_log":31,"minecraft:mossy_cobblestone":138,"minecraft:light_gray_concrete":8,"minecraft:dispenser":2,"minecraft:diamond":3,"waystones:waystone":1,"minecraft:crossbow":1,"minecraft:bone_meal":1,"minecraft:golden_apple":1,"minecraft:gray_wool":1,"minecraft:bread":3,"soulsweapons:verglas":2,"minecraft:emerald":5,"minecraft:oak_sapling":2,"minecraft:baked_potato":3,"minecraft:coal":22,"minecraft:black_wool":5,"minecraft:bricks":12,"minecraft:ender_pearl":2},"minecraft:crafted":{"minecraft:brick":4,"minecraft:cherry_planks":8,"minecraft:oak_planks":4,"ironchest:wood_copper_upgrade":1,"minecraft:coal":9,"minecraft:furnace":1,"minecraft:bone_meal":39,"minecraft:cooked_mutton":11,"smallships:sail":2,"minecraft:iron_boots":2,"minecraft:stone_pickaxe":2,"minecraft:chest":3,"minecraft:spruce_boat":3,"smallships:spruce_brigg":1,"minecraft:lead":5,"minecraft:wheat":189,"minecraft:cooked_beef":8,"minecraft:cooked_porkchop":16,"minecraft:crafting_table":2,"minecraft:spruce_planks":80,"farmersdelight:iron_knife":1,"minecraft:wooden_pickaxe":1,"minecraft:iron_helmet":2,"minecraft:iron_sword":1,"minecraft:copper_ingot":13,"minecraft:spruce_chest_boat":3,"minecraft:stone_axe":1,"minecraft:bread":68,"minecraft:air":0,"minecraft:white_wool":8,"minecraft:iron_chestplate":1,"minecraft:wooden_hoe":1,"minecraft:charcoal":7,"minecraft:stick":20,"minecraft:iron_ingot":50,"minecraft:iron_pickaxe":1,"minecraft:stone_sword":1,"minecraft:iron_leggings":2,"minecraft:white_bed":2,"minecraft:torch":16},"minecraft:custom":{"minecraft:mob_kills":86,"minecraft:interact_with_crafting_table":36,"minecraft:leave_game":4,"minecraft:time_since_death":93724,"minecraft:climb_one_cm":17889,"minecraft:sprint_one_cm":573782,"minecraft:walk_one_cm":358525,"minecraft:drop":44,"minecraft:play_noteblock":1,"minecraft:talked_to_villager":1,"minecraft:raid_win":1,"minecraft:play_time":209908,"minecraft:deaths":1,"minecraft:sneak_time":7849,"minecraft:walk_under_water_one_cm":28393,"minecraft:boat_one_cm":111935,"minecraft:jump":2600,"minecraft:walk_on_water_one_cm":26915,"minecraft:total_world_time":209908,"minecraft:interact_with_furnace":52,"minecraft:tune_noteblock":7,"minecraft:raid_trigger":1,"minecraft:sleep_in_bed":10,"minecraft:time_since_rest":9014,"minecraft:waystone_activated":3,"minecraft:damage_taken":2786,"minecraft:damage_dealt":12664,"minecraft:swim_one_cm":28083,"minecraft:fly_one_cm":565422,"minecraft:open_chest":57,"minecraft:crouch_one_cm":25642,"minecraft:fall_one_cm":65861,"minecraft:horse_one_cm":83501},"minecraft:used":{"minecraft:moss_block":1,"minecraft:moss_carpet":2,"minecraft:stone_sword":113,"minecraft:spruce_slab":2,"minecraft:spruce_planks":3,"minecraft:iron_sword":222,"minecraft:iron_chestplate":1,"minecraft:torch":23,"minecraft:dirt":15,"minecraft:big_dripleaf":1,"minecraft:sweet_berries":49,"minecraft:furnace":3,"minecraft:cooked_beef":4,"minecraft:cobbled_deepslate":10,"minecraft:wheat_seeds":28,"minecraft:cooked_mutton":6,"farmersdelight:iron_knife":48,"minecraft:stone_pickaxe":200,"minecraft:baked_potato":3,"minecraft:wooden_pickaxe":10,"minecraft:glow_berries":1,"minecraft:mossy_cobblestone":12,"minecraft:sand":1,"minecraft:crafting_table":3,"ironchest:copper_chest":1,"minecraft:crossbow":7,"minecraft:white_bed":8,"minecraft:chiseled_quartz_block":1,"minecraft:gray_concrete":1,"minecraft:black_bed":2,"minecraft:wooden_hoe":10,"minecraft:bread":22,"minecraft:string":1,"minecraft:iron_pickaxe":250,"minecraft:spruce_sapling":2,"minecraft:gravel":1,"minecraft:stone_axe":14,"smallships:spruce_brigg":1,"minecraft:white_banner":1,"minecraft:cooked_porkchop":8,"minecraft:bone_meal":39}},"DataVersion":3465}