{"stats":{"minecraft:killed_by":{"minecraft:creeper":1},"minecraft:picked_up":{"minecraft:charcoal":8,"minecraft:crafting_table":1,"minecraft:wheat":29,"minecraft:anvil":1,"minecraft:clay_ball":788,"minecraft:redstone_lamp":12,"minecraft:wooden_pickaxe":1,"soulsweapons:moonstone":2,"minecraft:shield":1,"minecraft:string":20,"minecraft:moss_carpet":2,"minecraft:raw_copper":55,"minecraft:sticky_piston":3,"minecraft:purple_banner":1,"minecraft:beetroot":3,"minecraft:cobbled_deepslate":408,"minecraft:spruce_planks":1,"minecraft:beef":11,"farmersdelight:straw":26,"minecraft:azalea":1,"minecraft:smooth_quartz":4,"minecraft:spruce_slab":4,"minecraft:coal_block":8,"minecraft:chest":1,"minecraft:piston":14,"farmersdelight:cabbage_seeds":11,"minecraft:iron_boots":1,"minecraft:furnace":13,"minecraft:stick":2,"minecraft:raw_iron":62,"minecraft:copper_ingot":5,"minecraft:big_dripleaf":1,"minecraft:torch":9,"minecraft:porkchop":23,"farmersdelight:tomato_seeds":12,"minecraft:cherry_log":3,"minecraft:carrot":3,"minecraft:redstone":24,"minecraft:purple_terracotta":2,"minecraft:arrow":30,"minecraft:rotten_flesh":29,"minecraft:beetroot_seeds":21,"minecraft:hay_block":64,"farmersdelight:rope":17,"minecraft:saddle":2,"minecraft:totem_of_undying":1,"minecraft:glow_berries":3,"minecraft:mutton":19,"minecraft:cod":3,"minecraft:white_wool":11,"minecraft:cobblestone":441,"minecraft:leather_chestplate":1,"farmersdelight:rich_soil":8,"minecraft:repeater":2,"minecraft:salmon":5,"minecraft:black_bed":2,"minecraft:leather":10,"minecraft:chiseled_quartz_block":9,"minecraft:potato":31,"ironchest:copper_chest":2,"minecraft:oak_log":1,"minecraft:gunpowder":8,"minecraft:lapis_lazuli":50,"minecraft:wooden_hoe":1,"minecraft:gray_concrete":1,"farmersdelight:tomato":2,"minecraft:dirt":43,"minecraft:white_banner":5,"farmersdelight:organic_compost":15,"minecraft:glass":8,"minecraft:bone":17,"farmersdelight:iron_knife":1,"minecraft:apple":1,"minecraft:wheat_seeds":144,"minecraft:raw_gold":36,"minecraft:rabbit_hide":3,"minecraft:rabbit":1,"minecraft:moss_block":2,"minecraft:iron_sword":1,"minecraft:sweet_berries":58,"minecraft:stone_brick_slab":1,"minecraft:jungle_planks":3,"minecraft:gravel":1,"minecraft:sand":19,"minecraft:spruce_sapling":7,"minecraft:blast_furnace":6,"minecraft:white_bed":7,"minecraft:spruce_log":31,"minecraft:mossy_cobblestone":138,"travelersbackpack:standard":1,"minecraft:light_gray_concrete":8,"minecraft:dispenser":2,"minecraft:diamond":3,"waystones:waystone":2,"minecraft:crossbow":1,"minecraft:bone_meal":1,"minecraft:golden_apple":1,"minecraft:gray_wool":1,"minecraft:bread":14,"soulsweapons:verglas":2,"minecraft:emerald":10,"minecraft:baked_potato":3,"minecraft:oak_sapling":2,"minecraft:black_wool":5,"minecraft:bricks":12,"minecraft:coal":22,"minecraft:ender_pearl":2},"minecraft:killed":{"minecraft:evoker":1,"minecraft:vex":1,"minecraft:witch":1,"mythicmounts:dragon":1,"minecraft:spider":2,"minecraft:vindicator":15,"minecraft:cod":5,"minecraft:skeleton":12,"minecraft:magma_cube":7,"minecraft:pig":13,"minecraft:salmon":7,"minecraft:rabbit":1,"minecraft:creeper":2,"minecraft:sheep":9,"minecraft:pillager":17,"minecraft:zombie":14,"minecraft:enderman":1,"minecraft:cow":4},"minecraft:mined":{"minecraft:white_bed":5,"farmersdelight:rich_soil":6,"minecraft:mossy_cobblestone":66,"minecraft:cave_vines_plant":2,"minecraft:purple_terracotta":1,"minecraft:grass_block":5,"minecraft:coal_block":8,"farmersdelight:tomatoes":12,"minecraft:spruce_leaves":13,"minecraft:moss_block":2,"ironchest:copper_chest":1,"minecraft:spawner":2,"minecraft:large_fern":13,"minecraft:hay_block":63,"minecraft:spruce_sapling":1,"minecraft:furnace":13,"minecraft:carrots":3,"minecraft:iron_ore":63,"minecraft:anvil":1,"soulsweapons:moonstone_ore_deepslate":1,"minecraft:potatoes":5,"minecraft:cave_vines":1,"minecraft:light_gray_concrete":8,"minecraft:stone":114,"minecraft:white_banner":1,"minecraft:spruce_slab":1,"farmersdelight:rich_soil_farmland":2,"minecraft:tripwire":2,"farmersdelight:wild_potatoes":9,"minecraft:acacia_leaves":1,"minecraft:gray_concrete":1,"farmersdelight:organic_compost":15,"minecraft:stone_brick_slab":1,"travelersbackpack:standard":1,"minecraft:chiseled_quartz_block":6,"minecraft:clay":38,"minecraft:crafting_table":1,"minecraft:torch":3,"minecraft:blast_furnace":6,"minecraft:chest":1,"minecraft:dead_bush":1,"farmersdelight:cabbages":11,"minecraft:copper_ore":11,"minecraft:tall_grass":3,"minecraft:cobblestone":6,"minecraft:lapis_ore":4,"minecraft:bricks":6,"minecraft:wall_torch":5,"farmersdelight:wild_beetroots":19,"farmersdelight:sandy_shrub":2,"minecraft:wheat":33,"minecraft:spruce_log":29,"minecraft:jungle_fence":1,"minecraft:black_bed":2,"minecraft:grass":23,"minecraft:oak_log":1,"minecraft:coal_ore":22,"minecraft:beetroots":1,"minecraft:smooth_quartz":4,"minecraft:gravel":1,"minecraft:sand":16,"minecraft:dirt":1,"minecraft:cobweb":18,"minecraft:dispenser":1,"minecraft:gold_ore":18,"minecraft:deepslate":86,"minecraft:oak_leaves":9,"minecraft:fern":26,"soulsweapons:verglas_ore":1},"minecraft:crafted":{"minecraft:brick":4,"minecraft:cherry_planks":8,"ironchest:wood_copper_upgrade":1,"minecraft:oak_planks":4,"minecraft:coal":9,"minecraft:furnace":1,"minecraft:bone_meal":39,"minecraft:cooked_mutton":11,"smallships:sail":2,"minecraft:iron_boots":2,"minecraft:stone_pickaxe":2,"minecraft:chest":3,"minecraft:spruce_boat":3,"smallships:spruce_brigg":1,"minecraft:lead":5,"minecraft:wheat":189,"minecraft:cooked_beef":8,"minecraft:cooked_porkchop":16,"minecraft:crafting_table":2,"minecraft:spruce_planks":80,"farmersdelight:iron_knife":1,"minecraft:iron_helmet":2,"minecraft:wooden_pickaxe":1,"minecraft:iron_sword":1,"minecraft:copper_ingot":13,"minecraft:spruce_chest_boat":3,"minecraft:stone_axe":1,"minecraft:bread":68,"minecraft:air":0,"minecraft:white_wool":8,"minecraft:iron_chestplate":1,"minecraft:wooden_hoe":1,"minecraft:charcoal":7,"minecraft:stick":20,"minecraft:iron_ingot":50,"minecraft:iron_pickaxe":1,"minecraft:stone_sword":1,"minecraft:iron_leggings":2,"minecraft:white_bed":2,"minecraft:torch":16},"minecraft:dropped":{"minecraft:iron_ingot":6,"farmersdelight:iron_knife":1,"mythicmounts:summoning_staff":1,"minecraft:wheat_seeds":3,"minecraft:cooked_beef":4,"minecraft:ender_pearl":1,"minecraft:golden_horse_armor":1,"minecraft:cooked_porkchop":8,"minecraft:iron_helmet":1,"minecraft:jungle_planks":2,"minecraft:saddle":1,"artifacts:night_vision_goggles":1,"minecraft:torch":1,"minecraft:brown_wool":3,"minecraft:iron_leggings":1,"minecraft:moss_carpet":1,"minecraft:stone_axe":1,"minecraft:sweet_berries":9,"minecraft:stone_sword":1,"minecraft:wheat":9,"minecraft:chicken":6,"minecraft:iron_boots":1,"minecraft:cooked_mutton":5,"minecraft:big_dripleaf":4,"minecraft:shield":1,"minecraft:spruce_planks":5,"minecraft:azalea":1,"minecraft:black_wool":2},"minecraft:broken":{"minecraft:stone_pickaxe":1,"minecraft:iron_sword":1,"minecraft:iron_pickaxe":1},"minecraft:custom":{"minecraft:interact_with_smithing_table":1,"minecraft:mob_kills":116,"minecraft:interact_with_crafting_table":36,"minecraft:open_barrel":20,"minecraft:leave_game":7,"minecraft:time_since_death":155827,"minecraft:climb_one_cm":18345,"minecraft:sprint_one_cm":711483,"minecraft:walk_one_cm":435527,"minecraft:drop":53,"minecraft:play_noteblock":1,"minecraft:talked_to_villager":1,"minecraft:raid_win":1,"minecraft:play_time":272011,"minecraft:deaths":1,"minecraft:sneak_time":10480,"minecraft:walk_under_water_one_cm":51524,"minecraft:boat_one_cm":475844,"minecraft:jump":3404,"minecraft:interact_with_blast_furnace":2,"minecraft:walk_on_water_one_cm":44296,"minecraft:total_world_time":272011,"minecraft:interact_with_furnace":55,"minecraft:tune_noteblock":7,"minecraft:raid_trigger":1,"minecraft:interact_with_grindstone":1,"minecraft:sleep_in_bed":13,"minecraft:time_since_rest":10454,"minecraft:waystone_activated":5,"minecraft:damage_taken":4213,"minecraft:damage_dealt":18446,"minecraft:swim_one_cm":78179,"minecraft:fly_one_cm":793188,"minecraft:open_chest":95,"minecraft:crouch_one_cm":33495,"minecraft:inspect_dispenser":1,"minecraft:fall_one_cm":85525,"minecraft:horse_one_cm":109893},"minecraft:used":{"minecraft:moss_block":1,"minecraft:moss_carpet":2,"minecraft:netherite_sword":6,"minecraft:stone_sword":113,"minecraft:spruce_slab":4,"minecraft:spruce_planks":3,"minecraft:iron_sword":321,"mythicmounts:dragon_spawn_egg":2,"minecraft:iron_chestplate":1,"minecraft:torch":23,"minecraft:dirt":15,"minecraft:jungle_planks":1,"minecraft:big_dripleaf":1,"minecraft:sweet_berries":49,"minecraft:furnace":3,"minecraft:cooked_beef":4,"minecraft:cobbled_deepslate":10,"minecraft:wheat_seeds":28,"minecraft:cooked_mutton":6,"farmersdelight:iron_knife":63,"minecraft:stone_pickaxe":209,"minecraft:baked_potato":3,"minecraft:wooden_pickaxe":10,"minecraft:glow_berries":1,"minecraft:mossy_cobblestone":12,"minecraft:sand":1,"minecraft:crafting_table":3,"ironchest:copper_chest":1,"minecraft:crossbow":7,"minecraft:purple_terracotta":2,"minecraft:white_bed":8,"minecraft:chiseled_quartz_block":1,"minecraft:gray_concrete":1,"minecraft:black_bed":2,"waystones:waystone":1,"minecraft:wooden_hoe":10,"minecraft:string":1,"minecraft:bread":55,"minecraft:iron_pickaxe":250,"minecraft:spruce_sapling":2,"minecraft:gravel":1,"minecraft:stone_axe":14,"minecraft:white_banner":1,"smallships:spruce_brigg":1,"minecraft:cooked_porkchop":8,"minecraft:bone_meal":39}},"DataVersion":3465}