{"stats":{"minecraft:mined":{"minecraft:spruce_log":7},"minecraft:custom":{"minecraft:jump":5,"minecraft:time_since_rest":1622,"minecraft:leave_game":1,"minecraft:sprint_one_cm":2389,"minecraft:play_time":1622,"minecraft:damage_taken":30,"minecraft:time_since_death":1622,"minecraft:walk_one_cm":927,"minecraft:total_world_time":1622,"minecraft:interact_with_crafting_table":1,"minecraft:fall_one_cm":569,"minecraft:fly_one_cm":634},"minecraft:picked_up":{"minecraft:spruce_log":6},"minecraft:used":{"minecraft:crafting_table":1},"minecraft:crafted":{"minecraft:crafting_table":1,"minecraft:spruce_planks":24,"minecraft:stick":4,"minecraft:wooden_pickaxe":1}},"DataVersion":3465}